time,open,high,low,close,volume
2015-08-08,0.66,0.88,0.57,0.77,3285.0
2015-08-09,0.77,0.82,0.64,0.75,6474.0
2015-08-10,0.76,1.12,0.65,1.08,38766.0
2015-08-11,1.07,1.31,0.79,1.2,1.4
2015-08-12,1.2,2.12,1.07,1.84,2.58
2015-08-13,1.83,2.36,1.73,1.82,2.93
2015-08-14,1.82,1.89,1.5,1.69,1.33
2015-08-15,1.67,1.7,1.07,1.61,2.44
2015-08-16,1.6,1.6,1.14,1.22,1.14
2015-08-17,1.21,1.24,0.98,1.18,1.11
2015-08-18,1.14,1.29,1.14,1.25,886116.0
2015-08-19,1.25,1.55,1.23,1.47,1.84
2015-08-20,1.48,1.58,1.33,1.39,1.35
2015-08-21,1.39,1.5,1.34,1.37,550824.0
2015-08-22,1.37,1.45,1.28,1.35,1.05
2015-08-23,1.37,1.37,1.22,1.23,474458.0
2015-08-24,1.23,1.32,1.12,1.15,811345.0
2015-08-25,1.15,1.2,1.08,1.17,642792.0
2015-08-26,1.16,1.19,1.13,1.15,384239.0
2015-08-27,1.16,1.22,1.16,1.2,290553.0
2015-08-28,1.18,1.2,1.15,1.19,235094.0
2015-08-29,1.19,1.39,1.16,1.32,882760.0
2015-08-30,1.32,1.46,1.21,1.36,954009.0
2015-08-31,1.37,1.4,1.33,1.35,498209.0
2015-09-01,1.35,1.37,1.26,1.3,522558.0
2015-09-02,1.3,1.31,1.19,1.25,456542.0
2015-09-03,1.25,1.32,1.24,1.27,298428.0
2015-09-04,1.28,1.35,1.28,1.35,223548.0
2015-09-05,1.33,1.38,1.29,1.3,235720.0
2015-09-06,1.3,1.33,1.23,1.24,309722.0
2015-09-07,1.25,1.29,1.23,1.25,225768.0
2015-09-08,1.25,1.26,1.19,1.21,219224.0
2015-09-09,1.21,1.22,1.13,1.17,364630.0
2015-09-10,1.16,1.19,0.9,0.97,1.32
2015-09-11,0.98,1.11,0.95,1.05,469222.0
2015-09-12,1.04,1.04,0.9,0.93,307850.0
2015-09-13,0.93,0.96,0.86,0.87,446109.0
2015-09-14,0.88,1.0,0.87,0.94,382749.0
2015-09-15,0.94,0.95,0.89,0.9,258639.0
2015-09-16,0.91,0.92,0.82,0.88,512200.0
2015-09-17,0.88,0.9,0.82,0.85,265897.0
2015-09-18,0.85,0.92,0.83,0.88,170743.0
2015-09-19,0.88,0.96,0.87,0.94,260065.0
2015-09-20,0.93,0.96,0.88,0.92,218150.0
2015-09-21,0.92,0.94,0.87,0.9,162406.0
2015-09-22,0.9,0.92,0.89,0.89,82093.0
2015-09-23,0.9,0.93,0.8,0.82,401007.0
2015-09-24,0.82,0.83,0.71,0.74,424505.0
2015-09-25,0.74,0.8,0.7,0.78,270790.0
2015-09-26,0.79,0.79,0.72,0.73,170593.0
2015-09-27,0.73,0.75,0.55,0.58,825624.0
2015-09-28,0.58,0.7,0.55,0.66,645736.0
2015-09-29,0.66,0.76,0.63,0.74,428768.0
2015-09-30,0.73,0.74,0.66,0.68,236334.0
2015-10-01,0.68,0.7,0.65,0.68,149186.0
2015-10-02,0.68,0.71,0.68,0.69,77113.0
2015-10-03,0.68,0.7,0.66,0.67,62479.0
2015-10-04,0.67,0.69,0.63,0.63,116609.0
2015-10-05,0.63,0.66,0.6,0.65,169991.0
2015-10-06,0.65,0.67,0.6,0.61,122881.0
2015-10-07,0.61,0.67,0.59,0.65,199787.0
2015-10-08,0.65,0.7,0.63,0.65,214297.0
2015-10-09,0.65,0.66,0.62,0.63,66441.0
2015-10-10,0.63,0.65,0.62,0.64,65093.0
2015-10-11,0.64,0.66,0.62,0.63,53982.0
2015-10-12,0.63,0.65,0.6,0.62,197644.0
2015-10-13,0.61,0.62,0.48,0.53,603004.0
2015-10-14,0.53,0.58,0.52,0.56,219523.0
2015-10-15,0.56,0.59,0.52,0.53,142966.0
2015-10-16,0.53,0.58,0.53,0.55,193737.0
2015-10-17,0.55,0.55,0.51,0.52,65756.0
2015-10-18,0.52,0.53,0.48,0.49,131962.0
2015-10-19,0.49,0.52,0.43,0.44,249741.0
2015-10-20,0.43,0.49,0.41,0.45,406740.0
2015-10-21,0.45,0.65,0.43,0.57,625701.0
2015-10-22,0.57,0.65,0.5,0.55,659274.0
2015-10-23,0.55,0.59,0.53,0.57,141726.0
2015-10-24,0.57,0.68,0.55,0.62,410139.0
2015-10-25,0.62,0.77,0.6,0.74,822000.0
2015-10-26,0.74,0.92,0.72,0.88,1.22
2015-10-27,0.88,1.11,0.8,1.02,1.54
2015-10-28,1.02,1.24,0.97,1.22,1.49
2015-10-29,1.22,1.35,0.94,1.05,1.42
2015-10-30,1.05,1.05,0.88,0.91,425245.0
2015-10-31,0.91,1.09,0.91,1.07,392673.0
2015-11-01,1.07,1.21,0.95,1.01,701192.0
2015-11-02,1.0,1.16,0.9,1.01,1.22
2015-11-03,1.02,1.04,0.57,0.89,2.45
2015-11-04,0.9,1.0,0.79,0.89,854279.0
2015-11-05,0.9,1.0,0.84,0.93,657164.0
2015-11-06,0.94,0.97,0.84,0.93,439964.0
2015-11-07,0.91,1.05,0.88,1.03,572377.0
2015-11-08,1.03,1.15,0.92,1.0,1.28
2015-11-09,1.0,1.0,0.87,0.94,444320.0
2015-11-10,0.94,0.94,0.7,0.8,669689.0
2015-11-11,0.79,0.94,0.79,0.9,488120.0
2015-11-12,0.91,0.93,0.86,0.91,298696.0
2015-11-13,0.9,0.91,0.87,0.89,140594.0
2015-11-14,0.9,0.92,0.85,0.9,169550.0
2015-11-15,0.91,0.99,0.89,0.93,297637.0
2015-11-16,0.93,1.04,0.91,1.0,708632.0
2015-11-17,1.0,1.02,0.95,1.0,397151.0
2015-11-18,1.0,1.0,0.93,0.95,172928.0
2015-11-19,0.96,0.96,0.9,0.93,263944.0
2015-11-20,0.93,1.0,0.93,0.98,231264.0
2015-11-21,0.98,0.99,0.96,0.97,148508.0
2015-11-22,0.97,0.98,0.92,0.95,240056.0
2015-11-23,0.95,0.95,0.87,0.9,237022.0
2015-11-24,0.9,0.92,0.85,0.87,350404.0
2015-11-25,0.87,0.95,0.8,0.88,575850.0
2015-11-26,0.88,0.91,0.84,0.88,196331.0
2015-11-27,0.87,0.95,0.87,0.91,245103.0
2015-11-28,0.91,0.95,0.87,0.87,284698.0
2015-11-29,0.88,0.91,0.84,0.87,472941.0
2015-11-30,0.87,0.91,0.83,0.87,253229.0
2015-12-01,0.87,0.9,0.81,0.82,233413.0
2015-12-02,0.82,0.84,0.76,0.81,289329.0
2015-12-03,0.81,0.87,0.8,0.84,188274.0
2015-12-04,0.84,0.91,0.84,0.85,140296.0
2015-12-05,0.85,0.87,0.81,0.83,254564.0
2015-12-06,0.83,0.87,0.78,0.8,292027.0
2015-12-07,0.8,0.87,0.8,0.83,187867.0
2015-12-08,0.82,0.83,0.76,0.79,338679.0
2015-12-09,0.79,0.87,0.78,0.84,173863.0
2015-12-10,0.84,0.99,0.84,0.94,472169.0
2015-12-11,0.94,1.06,0.89,0.97,802534.0
2015-12-12,0.97,0.99,0.92,0.95,158385.0
2015-12-13,0.96,1.02,0.96,0.99,261660.0
2015-12-14,0.98,1.06,0.98,1.01,286531.0
2015-12-15,1.01,1.02,0.97,0.98,129453.0
2015-12-16,1.0,1.0,0.9,0.94,286084.0
2015-12-17,0.94,0.96,0.91,0.92,172807.0
2015-12-18,0.91,0.92,0.87,0.9,137500.0
2015-12-19,0.9,0.97,0.87,0.9,235616.0
2015-12-20,0.9,0.92,0.88,0.9,250946.0
2015-12-21,0.89,0.91,0.86,0.86,197374.0
2015-12-22,0.86,0.89,0.84,0.86,113362.0
2015-12-23,0.85,0.89,0.85,0.86,147570.0
2015-12-24,0.87,0.92,0.86,0.87,66218.0
2015-12-25,0.87,0.88,0.8,0.85,200174.0
2015-12-26,0.86,0.88,0.85,0.85,54168.0
2015-12-27,0.86,0.87,0.83,0.84,96352.0
2015-12-28,0.85,0.88,0.85,0.87,75847.0
2015-12-29,0.87,0.95,0.85,0.92,328495.0
2015-12-30,0.91,1.0,0.91,0.93,331822.0
2015-12-31,0.93,0.96,0.93,0.94,91380.0
2016-01-01,0.95,0.97,0.93,0.93,100234.0
2016-01-02,0.93,0.99,0.92,0.96,165468.0
2016-01-03,0.97,0.98,0.91,0.95,166091.0
2016-01-04,0.94,0.97,0.93,0.95,94019.0
2016-01-05,0.95,0.96,0.93,0.95,127916.0
2016-01-06,0.95,1.04,0.94,0.94,358302.0
2016-01-07,0.94,1.0,0.93,0.98,235959.0
2016-01-08,0.98,0.99,0.96,0.98,99445.0
2016-01-09,0.99,1.02,0.98,1.0,196034.0
2016-01-10,1.0,1.07,0.99,1.06,654205.0
2016-01-11,1.06,1.27,1.02,1.15,1.81
2016-01-12,1.13,1.16,1.07,1.12,532534.0
2016-01-13,1.13,1.21,1.09,1.2,387943.0
2016-01-14,1.2,1.26,0.99,1.2,2.77
2016-01-15,1.21,1.38,1.2,1.23,1.67
2016-01-16,1.22,1.33,1.19,1.33,774912.0
2016-01-17,1.33,1.55,1.3,1.42,3.1
2016-01-18,1.42,1.44,1.27,1.37,1.47
2016-01-19,1.37,1.68,1.37,1.54,1.97
2016-01-20,1.53,1.57,1.46,1.56,941651.0
2016-01-21,1.56,1.56,1.42,1.51,914562.0
2016-01-22,1.51,2.06,1.51,1.95,5.25
2016-01-23,1.95,2.35,1.91,2.14,6.71
2016-01-24,2.15,2.7,2.02,2.5,7.28
2016-01-25,2.5,2.87,1.88,2.28,9.81
2016-01-26,2.29,2.63,2.15,2.4,4.94
2016-01-27,2.4,2.67,2.23,2.53,3.37
2016-01-28,2.53,2.68,2.24,2.52,4.58
2016-01-29,2.5,2.61,2.39,2.45,2.18
2016-01-30,2.45,2.47,2.12,2.3,3.94
2016-01-31,2.31,2.33,2.09,2.21,2.42
2016-02-01,2.21,2.45,2.14,2.43,2.13
2016-02-02,2.42,2.53,2.31,2.52,2.3
2016-02-03,2.53,2.69,2.5,2.58,2.23
2016-02-04,2.58,2.61,2.43,2.54,1.52
2016-02-05,2.54,2.55,2.44,2.52,1.06
2016-02-06,2.53,3.08,2.51,2.97,4.76
2016-02-07,2.95,3.24,2.83,3.15,6.48
2016-02-08,3.17,4.06,3.17,4.02,12.92
2016-02-09,4.04,4.94,3.62,4.48,21.73
2016-02-10,4.49,6.51,4.26,6.03,20.39
2016-02-11,5.97,6.75,5.03,5.63,15.25
2016-02-12,5.64,5.92,4.13,5.39,19.24
2016-02-13,5.41,5.69,4.49,5.29,7.64
2016-02-14,5.3,5.83,4.93,5.27,8.74
2016-02-15,5.28,5.55,3.91,4.32,9.87
2016-02-16,4.32,4.92,3.43,3.77,9.7
2016-02-17,3.77,5.08,3.38,4.41,12.35
2016-02-18,4.4,4.81,4.22,4.71,4.39
2016-02-19,4.7,4.93,4.11,4.36,5.49
2016-02-20,4.36,4.73,4.21,4.64,3.62
2016-02-21,4.63,5.72,4.61,5.68,9.81
2016-02-22,5.68,5.83,5.31,5.63,8.68
2016-02-23,5.62,6.32,5.49,6.25,7.51
2016-02-24,6.24,6.68,4.93,6.05,15.25
2016-02-25,6.05,6.38,5.77,5.95,5.57
2016-02-26,5.95,6.57,5.91,6.42,5.92
2016-02-27,6.41,6.76,6.33,6.46,6.87
2016-02-28,6.43,6.63,6.04,6.31,4.62
2016-02-29,6.32,8.06,6.24,7.63,16.84
2016-03-01,7.63,8.72,7.17,8.42,22.35
2016-03-02,8.51,10.04,8.16,9.29,37.75
2016-03-03,9.28,10.45,8.14,10.2,34.75
2016-03-04,10.27,12.23,9.37,10.89,51.88
2016-03-05,10.92,12.07,9.37,11.29,34.54
2016-03-06,11.27,11.84,9.16,9.47,28.3
2016-03-07,9.49,10.24,8.7,9.79,21.18
2016-03-08,9.75,12.12,9.59,11.83,26.3
2016-03-09,11.78,12.25,10.74,11.19,22.64
2016-03-10,11.28,11.59,10.29,11.03,19.45
2016-03-11,11.07,13.64,10.78,13.43,47.43
2016-03-12,13.43,15.27,13.35,14.37,41.22
2016-03-13,14.38,15.24,11.22,12.45,52.61
2016-03-14,12.52,13.24,11.8,12.99,25.88
2016-03-15,12.98,13.77,12.35,12.45,21.61
2016-03-16,12.56,12.85,10.31,11.08,41.03
2016-03-17,11.08,11.15,8.34,11.08,56.89
2016-03-18,11.09,11.28,9.78,10.54,22.77
2016-03-19,10.54,10.95,9.5,10.28,16.42
2016-03-20,10.26,12.07,10.09,11.88,29.32
2016-03-21,11.85,12.08,11.06,11.26,18.6
2016-03-22,11.24,12.48,11.19,12.42,19.05
2016-03-23,12.41,12.46,10.74,11.2,25.43
2016-03-24,11.21,11.45,10.47,10.73,11.94
2016-03-25,10.74,11.27,10.58,10.98,7.47
2016-03-26,10.97,11.35,10.05,10.43,16.01
2016-03-27,10.44,11.9,10.31,11.67,22.01
2016-03-28,11.69,11.99,11.09,11.61,15.53
2016-03-29,11.65,12.21,11.41,11.94,17.51
2016-03-30,11.97,12.18,11.21,11.41,13.17
2016-03-31,11.43,11.94,11.4,11.7,8.74
2016-04-01,11.7,11.78,11.39,11.64,5.55
2016-04-02,11.65,11.76,11.51,11.65,3.81
2016-04-03,11.63,11.63,11.03,11.13,7.95
2016-04-04,11.13,11.28,10.09,10.46,16.97
2016-04-05,10.47,10.97,10.19,10.67,11.23
2016-04-06,10.71,10.86,9.9,10.09,11.55
2016-04-07,10.08,10.31,9.47,9.72,13.47
2016-04-08,9.72,10.14,8.95,9.14,14.99
2016-04-09,9.15,9.33,7.43,8.95,44.84
2016-04-10,8.96,9.0,7.99,8.66,13.68
2016-04-11,8.66,8.74,7.16,7.47,22.75
2016-04-12,7.45,8.75,7.03,8.1,30.35
2016-04-13,8.1,8.88,8.02,8.42,12.21
2016-04-14,8.43,8.73,8.08,8.27,11.85
2016-04-15,8.27,8.72,8.09,8.64,8.28
2016-04-16,8.65,9.79,8.51,9.35,23.82
2016-04-17,9.37,9.58,8.51,9.08,19.74
2016-04-18,9.06,9.48,8.62,8.73,10.99
2016-04-19,8.74,9.03,8.28,8.5,15.33
2016-04-20,8.5,8.97,7.98,8.21,12.09
2016-04-21,8.18,8.38,7.67,7.85,13.06
2016-04-22,7.86,8.78,7.83,8.37,15.4
2016-04-23,8.36,8.67,8.0,8.07,9.64
2016-04-24,8.07,8.21,7.21,7.58,19.5
2016-04-25,7.56,7.69,7.09,7.43,17.48
2016-04-26,7.43,7.88,7.0,7.77,20.8
2016-04-27,7.81,8.1,7.16,7.2,11.98
2016-04-28,7.23,7.89,7.23,7.49,8.32
2016-04-29,7.49,9.35,7.36,8.81,41.04
2016-04-30,8.77,9.09,8.44,8.89,17.12
2016-05-01,8.92,10.52,8.72,10.19,44.59
2016-05-02,10.24,10.38,9.25,9.4,18.77
2016-05-03,9.37,10.1,9.22,9.48,15.15
2016-05-04,9.44,10.16,9.32,9.87,16.2
2016-05-05,9.85,10.28,8.94,9.39,21.19
2016-05-06,9.39,9.59,9.2,9.46,9.09
2016-05-07,9.45,9.75,8.95,9.53,13.54
2016-05-08,9.53,9.8,9.14,9.33,11.87
2016-05-09,9.3,9.5,9.05,9.43,8.6
2016-05-10,9.44,10.04,9.41,10.02,15.49
2016-05-11,10.01,10.63,9.9,10.08,24.61
2016-05-12,10.06,11.17,10.04,10.55,33.26
2016-05-13,10.56,10.69,9.74,10.28,21.03
2016-05-14,10.27,10.53,9.89,9.99,9.55
2016-05-15,9.99,11.62,9.9,11.18,33.37
2016-05-16,11.17,12.53,11.11,12.2,44.74
2016-05-17,12.18,14.34,12.14,13.48,77.78
2016-05-18,13.4,14.75,12.82,14.68,65.51
2016-05-19,14.68,15.1,13.34,13.64,57.71
2016-05-20,13.65,14.1,13.08,14.03,31.15
2016-05-21,14.01,14.4,13.63,14.28,20.23
2016-05-22,14.3,14.64,13.13,13.46,26.89
2016-05-23,13.43,13.83,11.91,12.75,52.09
2016-05-24,12.77,13.04,11.74,12.54,31.55
2016-05-25,12.54,13.15,12.03,12.42,24.17
2016-05-26,12.42,12.89,10.4,11.28,66.36
2016-05-27,11.28,13.11,10.82,11.87,56.1
2016-05-28,11.91,12.81,11.63,12.44,33.52
2016-05-29,12.41,12.89,12.11,12.71,16.84
2016-05-30,12.71,14.65,12.44,14.11,50.02
2016-05-31,14.15,14.6,13.42,14.0,25.06
2016-06-01,14.02,14.2,13.58,13.79,12.29
2016-06-02,13.78,14.62,13.1,13.82,26.63
2016-06-03,13.82,14.09,13.06,13.7,17.84
2016-06-04,13.74,14.13,13.39,13.94,11.76
2016-06-05,14.01,14.31,13.77,13.96,9.62
2016-06-06,13.96,14.71,13.57,14.56,24.29
2016-06-07,14.58,15.06,14.35,14.47,18.8
2016-06-08,14.48,14.74,14.3,14.47,7.9
2016-06-09,14.46,14.6,13.81,13.98,12.93
2016-06-10,13.97,14.75,13.97,14.3,13.54
2016-06-11,14.32,16.11,14.32,15.78,44.59
2016-06-12,15.76,17.83,15.76,17.66,47.21
2016-06-13,17.62,19.31,16.8,18.91,79.48
2016-06-14,18.91,19.26,17.94,18.39,22.94
2016-06-15,18.4,20.99,18.4,20.67,50.72
2016-06-16,20.72,21.21,12.61,15.4,257.68
2016-06-17,15.4,15.61,9.73,11.34,169.1
2016-06-18,11.33,13.57,10.71,12.28,96.81
2016-06-19,12.3,13.32,10.17,11.8,142.94
2016-06-20,11.79,13.57,10.7,13.16,94.35
2016-06-21,13.22,15.18,11.74,13.5,212.42
2016-06-22,13.42,14.58,13.13,13.77,44.28
2016-06-23,13.71,14.72,13.26,14.38,40.77
2016-06-24,14.38,14.63,13.83,14.33,17.43
2016-06-25,14.31,14.56,13.49,13.84,15.65
2016-06-26,13.83,14.62,13.83,14.08,12.01
2016-06-27,14.08,14.08,11.45,12.19,52.14
2016-06-28,12.19,13.11,11.6,12.62,30.01
2016-06-29,12.63,13.39,12.37,12.47,17.2
2016-06-30,12.48,12.6,11.67,12.24,21.41
2016-07-01,12.25,12.71,12.08,12.17,10.61
2016-07-02,12.17,12.17,11.37,11.77,12.7
2016-07-03,11.75,12.19,11.31,11.47,13.86
2016-07-04,11.49,11.49,9.47,10.62,53.62
2016-07-05,10.66,11.25,10.32,10.58,20.51
2016-07-06,10.56,10.56,9.66,10.14,18.55
2016-07-07,10.13,11.74,10.13,11.44,25.34
2016-07-08,11.41,11.41,10.66,10.99,20.67
2016-07-09,10.98,11.15,10.77,10.96,5.87
2016-07-10,10.88,10.98,10.21,10.48,16.72
2016-07-11,10.44,11.02,10.37,10.55,11.69
2016-07-12,10.52,10.54,10.2,10.49,7.69
2016-07-13,10.49,11.76,10.49,11.55,28.58
2016-07-14,11.51,12.53,11.5,11.98,33.91
2016-07-15,11.95,12.03,11.59,11.68,12.09
2016-07-16,11.69,11.96,11.03,11.2,26.31
2016-07-17,11.19,11.6,10.94,11.08,17.69
2016-07-18,11.07,12.17,11.01,11.64,28.57
2016-07-19,11.61,13.05,11.45,12.49,83.14
2016-07-20,12.51,12.78,11.96,12.66,32.64
2016-07-21,12.66,14.95,12.3,14.68,99.37
2016-07-22,14.69,15.08,13.98,14.33,40.84
2016-07-23,14.32,14.66,12.16,12.77,93.69
2016-07-24,12.75,13.89,12.55,13.82,44.36
2016-07-25,13.86,13.86,11.56,12.1,112.13
2016-07-26,12.06,13.49,11.85,12.99,67.96
2016-07-27,13.04,13.09,12.46,12.86,26.63
2016-07-28,12.9,12.93,12.57,12.78,15.29
2016-07-29,12.78,12.79,12.4,12.42,10.93
2016-07-30,12.39,12.39,11.3,11.84,29.09
2016-07-31,11.88,11.88,10.56,10.92,27.59
2016-08-01,10.97,11.07,8.27,9.61,94.71
2016-08-02,8.66,10.5,8.66,10.3,49.87
2016-08-03,10.39,11.51,10.33,11.15,34.66
2016-08-04,11.16,11.32,10.84,11.03,13.03
2016-08-05,11.01,11.28,10.59,10.99,13.89
2016-08-06,11.0,11.31,10.85,11.01,11.38
2016-08-07,10.94,11.45,10.87,11.33,9.83
2016-08-08,11.33,12.51,11.19,12.26,30.44
2016-08-09,12.08,12.65,11.73,12.16,29.47
2016-08-10,12.17,12.3,11.54,11.72,20.91
2016-08-11,11.72,12.06,11.62,11.78,17.1
2016-08-12,11.78,11.8,11.48,11.58,9.06
2016-08-13,11.58,11.58,11.12,11.23,9.88
2016-08-14,11.27,11.35,10.98,11.24,8.1
2016-08-15,11.32,11.49,10.99,11.15,6.89
2016-08-16,11.11,11.15,10.7,10.76,11.74
2016-08-17,10.79,11.06,10.71,10.75,7.71
2016-08-18,10.74,10.85,10.67,10.74,5.61
2016-08-19,10.75,11.35,10.75,11.26,8.18
2016-08-20,11.26,11.27,10.95,11.21,3.88
2016-08-21,11.19,11.41,11.03,11.12,6.31
2016-08-22,11.15,11.23,10.89,11.04,5.44
2016-08-23,11.03,11.23,10.94,11.03,3.89
2016-08-24,11.03,11.38,10.96,11.33,7.87
2016-08-25,11.33,11.53,11.22,11.33,5.2
2016-08-26,11.33,11.34,11.15,11.22,2.27
2016-08-27,11.24,11.29,10.97,10.99,4.73
2016-08-28,10.91,11.14,10.69,10.98,6.78
2016-08-29,10.97,11.36,10.95,11.25,6.32
2016-08-30,11.21,11.69,11.09,11.65,9.03
2016-08-31,11.64,12.65,11.54,11.96,20.95
2016-09-01,11.97,12.38,11.91,12.12,8.27
2016-09-02,12.13,12.86,11.5,11.82,12.3
2016-09-03,11.8,12.0,11.54,11.71,6.98
2016-09-04,11.71,11.92,11.58,11.74,6.09
2016-09-05,11.75,11.79,11.41,11.66,6.11
2016-09-06,11.73,11.88,11.51,11.59,5.74
2016-09-07,11.6,11.92,11.21,11.42,11.24
2016-09-08,11.4,11.78,11.33,11.67,7.19
2016-09-09,11.67,12.28,11.54,12.22,6.4
2016-09-10,12.22,12.22,11.39,11.67,8.62
2016-09-11,11.69,12.01,11.58,11.87,6.29
2016-09-12,11.87,12.28,11.86,11.95,16.23
2016-09-13,11.93,12.07,11.77,11.92,6.31
2016-09-14,11.95,12.18,11.89,12.0,9.8
2016-09-15,11.96,12.87,11.82,12.62,18.07
2016-09-16,12.63,12.85,12.45,12.73,6.83
2016-09-17,12.75,13.12,12.1,12.5,22.99
2016-09-18,12.5,13.22,12.39,13.2,13.34
2016-09-19,13.2,14.36,12.97,14.33,28.21
2016-09-20,14.34,14.4,13.14,13.74,27.11
2016-09-21,13.75,13.75,12.39,13.26,28.04
2016-09-22,13.22,13.58,13.19,13.37,7.84
2016-09-23,13.37,13.38,12.5,12.9,9.18
2016-09-24,12.9,13.18,12.76,13.12,5.08
2016-09-25,13.14,13.37,12.76,12.88,6.81
2016-09-26,12.89,13.3,12.84,13.12,6.67
2016-09-27,13.11,13.57,13.06,13.31,8.04
2016-09-28,13.28,13.46,13.03,13.07,5.13
2016-09-29,13.09,13.45,13.08,13.21,5.2
2016-09-30,13.21,13.39,13.0,13.19,5.66
2016-10-01,13.2,13.35,13.07,13.21,3.39
2016-10-02,13.23,13.57,13.19,13.48,6.29
2016-10-03,13.44,13.55,13.2,13.29,7.44
2016-10-04,13.29,13.44,13.03,13.05,9.26
2016-10-05,13.03,13.18,12.65,12.84,11.44
2016-10-06,12.83,13.11,12.5,12.68,8.01
2016-10-07,12.68,12.71,11.96,12.21,10.81
2016-10-08,12.18,12.4,11.9,12.02,7.21
2016-10-09,12.02,12.11,11.58,11.76,11.43
2016-10-10,11.74,12.55,11.64,11.77,10.79
2016-10-11,11.74,12.11,11.62,11.93,9.48
2016-10-12,11.95,12.21,11.69,11.96,7.32
2016-10-13,11.95,12.12,11.85,11.93,3.69
2016-10-14,11.94,12.06,11.73,11.99,3.61
2016-10-15,11.98,12.09,11.88,11.95,2.66
2016-10-16,11.94,12.07,11.81,12.03,5.53
2016-10-17,12.03,12.94,11.99,12.61,17.35
2016-10-18,12.62,12.62,11.92,12.06,9.07
2016-10-19,12.06,12.35,12.0,12.14,5.97
2016-10-20,12.11,12.21,12.03,12.14,3.04
2016-10-21,12.15,12.55,12.0,12.15,4.68
2016-10-22,12.17,12.17,11.9,12.01,3.39
2016-10-23,11.98,12.1,11.93,11.96,3.1
2016-10-24,11.96,12.02,11.07,11.39,15.08
2016-10-25,11.4,11.99,11.3,11.56,7.11
2016-10-26,11.55,11.76,11.27,11.55,10.52
2016-10-27,11.53,11.7,10.85,11.1,12.2
2016-10-28,11.11,11.48,9.39,10.46,25.52
2016-10-29,10.48,11.54,10.17,11.18,13.8
2016-10-30,11.18,11.59,10.86,11.02,11.64
2016-10-31,11.01,11.48,10.27,10.82,20.18
2016-11-01,10.88,11.49,10.81,10.85,9.27
2016-11-02,10.84,11.19,10.16,10.84,12.86
2016-11-03,10.86,11.28,10.84,11.2,7.36
2016-11-04,11.2,11.25,10.98,11.12,4.17
2016-11-05,11.14,11.29,10.95,10.98,3.8
2016-11-06,10.94,11.11,10.8,10.93,3.72
2016-11-07,10.91,11.07,10.73,10.86,4.94
2016-11-08,10.86,11.07,10.08,10.76,13.9
2016-11-09,10.66,10.72,10.45,10.53,3.52
2016-11-10,10.55,10.7,10.28,10.33,5.17
2016-11-11,10.34,10.37,9.69,9.93,9.05
2016-11-12,9.93,10.59,9.88,10.15,7.36
2016-11-13,10.08,10.24,9.96,10.02,2.88
2016-11-14,10.0,10.35,9.84,10.23,5.67
2016-11-15,10.2,10.69,9.84,10.02,9.86
2016-11-16,10.02,10.17,9.76,9.99,7.47
2016-11-17,9.95,10.18,9.35,9.5,10.05
2016-11-18,9.51,9.89,9.49,9.72,4.71
2016-11-19,9.71,9.84,9.35,9.62,4.81
2016-11-20,9.61,9.76,9.5,9.64,2.77
2016-11-21,9.62,10.4,9.57,9.92,10.33
2016-11-22,9.92,10.07,9.75,9.9,3.94
2016-11-23,9.82,9.84,8.48,9.26,16.19
2016-11-24,9.25,9.85,9.22,9.43,7.27
2016-11-25,9.44,9.56,9.28,9.35,2.48
2016-11-26,9.33,9.36,8.7,9.01,8.13
2016-11-27,9.03,9.07,8.68,8.72,5.0
2016-11-28,8.72,8.77,7.64,8.17,17.3
2016-11-29,8.16,8.88,8.16,8.62,10.69
2016-11-30,8.61,8.8,8.35,8.48,5.72
2016-12-01,8.47,8.68,7.32,7.81,20.42
2016-12-02,7.9,8.33,7.72,8.01,12.71
2016-12-03,8.05,8.16,7.54,7.59,7.47
2016-12-04,7.5,7.71,6.62,6.86,18.28
2016-12-05,6.93,8.16,5.92,8.05,70.06
2016-12-06,8.05,8.78,7.39,8.53,29.59
2016-12-07,8.49,9.0,8.27,8.27,15.76
2016-12-08,8.22,8.76,8.1,8.49,11.89
2016-12-09,8.49,8.6,8.03,8.18,6.95
2016-12-10,8.18,8.39,8.11,8.27,4.78
2016-12-11,8.24,8.7,8.21,8.54,8.9
2016-12-12,8.57,8.58,8.35,8.43,3.4
2016-12-13,8.48,8.62,8.26,8.29,4.36
2016-12-14,8.2,8.25,7.69,7.84,10.23
2016-12-15,7.86,7.99,7.76,7.85,3.59
2016-12-16,7.87,7.95,7.4,7.85,7.47
2016-12-17,7.84,7.99,7.71,7.9,4.12
2016-12-18,7.91,7.92,7.59,7.65,4.37
2016-12-19,7.63,7.88,7.58,7.68,4.98
2016-12-20,7.71,8.09,7.71,7.92,7.83
2016-12-21,7.93,8.19,7.44,7.61,15.76
2016-12-22,7.59,8.01,7.09,7.15,18.49
2016-12-23,7.16,7.49,6.99,7.29,6.24
2016-12-24,7.3,7.57,7.18,7.2,7.57
2016-12-25,7.2,7.45,7.08,7.31,5.13
2016-12-26,7.29,7.6,7.05,7.2,8.42
2016-12-27,7.17,7.93,7.14,7.58,17.27
2016-12-28,7.62,8.68,7.55,8.33,26.81
2016-12-29,8.34,8.66,8.12,8.22,9.58
2016-12-30,8.24,8.4,8.05,8.13,5.65
2016-12-31,8.13,8.91,8.07,8.25,10.53
2017-01-01,8.19,8.56,8.0,8.38,10.64
2017-01-02,8.39,10.07,8.3,9.61,34.57
2017-01-03,9.63,11.45,9.63,11.15,40.62
2017-01-04,11.11,11.11,9.23,10.23,42.71
2017-01-05,10.25,10.54,9.23,10.2,29.96
2017-01-06,10.24,10.73,9.49,9.92,19.74
2017-01-07,9.94,10.57,9.74,10.41,14.11
2017-01-08,10.39,10.99,9.98,10.35,23.81
2017-01-09,10.39,10.81,10.25,10.57,10.62
2017-01-10,10.56,10.56,9.14,9.72,22.22
2017-01-11,9.76,10.21,9.47,9.76,13.6
2017-01-12,9.75,10.08,9.52,9.76,10.05
2017-01-13,9.75,9.87,9.47,9.75,6.17
2017-01-14,9.76,9.99,9.73,9.81,5.2
2017-01-15,9.8,9.97,9.54,9.64,7.87
2017-01-16,9.66,10.74,9.66,10.3,21.47
2017-01-17,10.31,10.51,10.03,10.29,10.6
2017-01-18,10.28,10.49,10.18,10.4,7.97
2017-01-19,10.39,10.81,10.33,10.59,10.22
2017-01-20,10.59,11.05,10.51,10.91,11.65
2017-01-21,10.92,10.97,10.6,10.7,7.95
2017-01-22,10.74,10.81,10.56,10.77,6.54
2017-01-23,10.77,10.77,10.41,10.62,8.63
2017-01-24,10.62,10.68,10.44,10.52,5.88
2017-01-25,10.49,10.75,10.47,10.57,8.65
2017-01-26,10.56,10.62,10.41,10.53,7.32
2017-01-27,10.53,10.62,10.41,10.57,6.8
2017-01-28,10.58,10.58,10.38,10.46,3.98
2017-01-29,10.47,10.74,10.42,10.55,7.88
2017-01-30,10.58,11.01,10.56,10.67,13.31
2017-01-31,10.71,11.01,10.57,10.72,12.92
2017-02-01,10.73,10.99,10.73,10.84,10.25
2017-02-02,10.85,11.05,10.63,11.03,12.43
2017-02-03,11.04,11.57,11.04,11.35,13.37
2017-02-04,11.35,11.36,11.11,11.23,4.8
2017-02-05,11.26,11.41,11.18,11.33,5.65
2017-02-06,11.3,11.66,11.3,11.49,7.24
2017-02-07,11.5,11.6,11.23,11.41,9.18
2017-02-08,11.39,11.39,10.54,10.99,18.31
2017-02-09,11.0,11.5,10.94,11.35,11.77
2017-02-10,11.35,11.52,11.26,11.4,7.02
2017-02-11,11.39,11.46,11.28,11.43,5.6
2017-02-12,11.44,11.5,11.22,11.4,6.46
2017-02-13,11.4,13.84,11.4,13.14,46.9
2017-02-14,13.11,13.19,12.68,12.98,19.53
2017-02-15,13.05,13.12,12.65,12.95,37.5
2017-02-16,12.95,13.1,12.67,12.79,10.59
2017-02-17,12.79,12.95,12.7,12.91,8.22
2017-02-18,12.91,13.01,12.7,12.9,6.76
2017-02-19,12.86,13.29,12.31,12.4,11.98
2017-02-20,12.39,13.12,12.39,12.8,15.9
2017-02-21,12.84,13.04,12.58,12.72,9.48
2017-02-22,12.71,13.46,12.71,13.25,15.01
2017-02-23,13.25,13.55,12.72,13.16,19.18
2017-02-24,13.17,13.87,12.83,13.61,19.02
2017-02-25,13.6,14.75,13.57,14.68,20.91
2017-02-26,14.68,15.94,14.39,15.55,33.58
2017-02-27,15.57,16.41,15.14,15.98,66.55
2017-02-28,15.84,17.57,15.67,17.45,48.65
2017-03-01,17.4,19.63,16.89,19.11,86.2
2017-03-02,19.15,21.07,18.12,19.45,99.8
2017-03-03,19.52,20.03,18.5,18.56,27.9
2017-03-04,18.57,19.52,18.24,19.29,25.62
2017-03-05,19.29,20.26,19.09,19.66,33.34
2017-03-06,19.62,19.62,18.5,18.91,36.33
2017-03-07,18.9,18.9,16.54,16.57,43.69
2017-03-08,16.53,18.04,16.35,17.72,29.8
2017-03-09,17.71,20.0,16.17,19.3,101.04
2017-03-10,19.3,21.8,18.96,21.43,75.15
2017-03-11,21.44,23.82,21.44,23.32,77.91
2017-03-12,23.36,31.08,23.3,28.44,276.06
2017-03-13,28.44,30.17,26.62,28.6,105.06
2017-03-14,28.6,35.21,28.29,35.13,197.02
2017-03-15,35.19,47.26,33.03,45.27,529.36
2017-03-16,45.29,52.48,34.18,44.6,526.58
2017-03-17,44.6,44.6,30.67,33.76,276.17
2017-03-18,33.81,45.21,33.81,43.14,254.41
2017-03-19,43.26,45.45,40.5,42.35,157.13
2017-03-20,42.39,44.99,41.48,42.47,93.22
2017-03-21,42.52,42.8,38.11,41.45,111.85
2017-03-22,41.61,44.34,39.97,43.14,102.3
2017-03-23,43.08,54.66,40.54,52.89,296.2
2017-03-24,52.88,54.85,48.01,50.68,236.02
2017-03-25,50.79,52.27,47.06,50.46,125.87
2017-03-26,50.73,54.25,47.78,49.03,115.69
2017-03-27,48.92,51.94,48.02,50.41,102.08
2017-03-28,50.31,54.64,49.78,52.91,155.3
2017-03-29,53.24,54.1,51.35,52.18,87.33
2017-03-30,51.89,53.27,46.89,49.91,163.17
2017-03-31,49.86,52.67,48.28,50.61,90.12
2017-04-01,50.63,51.94,43.59,48.48,139.56
2017-04-02,48.41,49.68,42.57,44.09,197.61
2017-04-03,44.14,46.33,40.93,44.49,159.41
2017-04-04,44.53,48.5,43.99,45.13,152.66
2017-04-05,45.13,47.57,40.57,43.3,149.21
2017-04-06,43.3,45.05,41.48,42.26,74.45
2017-04-07,42.32,47.93,42.08,44.51,72.75
2017-04-08,44.48,45.43,43.0,43.81,47.56
2017-04-09,43.75,44.8,42.6,43.84,39.46
2017-04-10,43.9,45.17,43.45,43.82,32.26
2017-04-11,43.87,48.55,43.36,46.45,85.81
2017-04-12,46.47,51.58,45.43,50.14,147.55
2017-04-13,50.11,50.48,46.49,47.7,84.22
2017-04-14,47.89,52.75,46.86,49.24,66.07
2017-04-15,49.08,49.4,47.76,48.63,23.93
2017-04-16,48.75,49.41,47.27,48.33,40.94
2017-04-17,48.44,51.32,48.26,50.76,79.59
2017-04-18,50.48,51.22,45.61,48.19,71.99
2017-04-19,48.29,50.86,48.11,50.14,75.0
2017-04-20,49.9,50.27,48.52,48.92,39.72
2017-04-21,49.08,50.34,48.85,49.46,31.79
2017-04-22,49.35,50.35,48.93,49.86,32.19
2017-04-23,49.8,51.47,49.8,50.79,52.04
2017-04-24,50.67,51.48,50.35,50.68,32.81
2017-04-25,50.92,55.23,50.92,54.09,116.33
2017-04-26,53.86,64.4,53.86,63.96,244.33
2017-04-27,64.18,74.61,63.13,72.7,368.35
2017-04-28,72.94,74.58,68.11,70.36,169.94
2017-04-29,70.33,81.63,70.33,80.38,233.17
2017-04-30,80.35,86.06,70.04,77.45,381.85
2017-05-01,77.15,81.87,74.1,77.84,187.35
2017-05-02,77.96,83.08,77.33,81.73,150.32
2017-05-03,81.77,97.36,81.07,95.8,381.57
2017-05-04,96.07,97.67,87.26,90.96,321.91
2017-05-05,91.13,95.78,90.55,95.28,136.99
2017-05-06,94.9,97.87,79.65,92.04,172.44
2017-05-07,92.53,96.75,86.04,88.32,217.84
2017-05-08,88.14,91.82,71.79,87.6,356.94
2017-05-09,87.44,93.63,85.79,88.37,137.82
2017-05-10,88.33,92.26,86.2,88.42,133.41
2017-05-11,88.37,89.53,81.76,85.49,141.74
2017-05-12,85.38,90.82,85.14,88.49,74.62
2017-05-13,88.6,90.63,87.3,89.52,62.03
2017-05-14,89.57,95.59,87.72,91.38,175.74
2017-05-15,91.32,94.26,86.25,87.86,133.31
2017-05-16,88.13,90.71,84.11,87.69,154.3
2017-05-17,87.95,104.74,87.95,96.98,197.42
2017-05-18,96.94,130.0,96.94,124.91,633.22
2017-05-19,125.01,132.96,121.43,123.73,288.85
2017-05-20,123.8,148.93,121.54,148.48,528.69
2017-05-21,148.05,189.47,137.97,158.39,1.07
2017-05-22,159.3,178.0,154.86,170.07,440.09
2017-05-23,169.56,228.42,164.97,189.13,682.4
2017-05-24,189.63,202.8,161.42,174.52,687.34
2017-05-25,174.72,188.88,146.74,161.03,518.37
2017-05-26,160.05,164.86,118.6,155.24,828.73
2017-05-27,155.72,178.4,155.72,169.91,467.57
2017-05-28,170.39,197.37,167.42,194.82,495.43
2017-05-29,194.73,237.15,182.98,228.57,1.2
2017-05-30,228.83,240.95,213.3,227.61,914.69
2017-05-31,227.68,237.19,207.42,219.34,609.85
2017-06-01,219.73,231.51,217.43,221.17,313.08
2017-06-02,220.98,229.64,216.19,223.5,273.0
2017-06-03,223.23,250.94,221.77,244.74,552.22
2017-06-04,245.15,255.31,242.72,246.88,307.23
2017-06-05,246.87,269.43,245.67,263.94,591.24
2017-06-06,264.09,264.09,245.27,254.86,332.9
2017-06-07,254.94,263.69,252.04,259.27,263.79
2017-06-08,258.81,280.96,258.81,279.53,406.06
2017-06-09,279.43,349.89,279.43,334.08,1.21
2017-06-10,333.68,357.59,315.93,338.03,999.3
2017-06-11,338.38,408.41,301.91,393.88,2.3
2017-06-12,394.65,405.37,353.04,387.16,1.18
2017-06-13,386.8,386.8,320.88,342.29,951.87
2017-06-14,342.19,351.27,271.82,343.64,1.79
2017-06-15,343.75,360.95,320.46,352.96,665.13
2017-06-16,353.01,371.66,347.21,368.07,482.96
2017-06-17,367.91,374.17,341.81,350.93,493.21
2017-06-18,351.09,363.79,350.44,357.32,395.94
2017-06-19,357.14,374.26,319.33,351.08,746.37
2017-06-20,350.51,352.5,198.72,324.6,1.15
2017-06-21,325.18,334.72,307.87,321.11,610.68
2017-06-22,321.64,333.99,316.99,326.35,331.19
2017-06-23,326.14,326.14,297.47,302.79,375.44
2017-06-24,302.85,306.31,253.96,277.59,746.38
2017-06-25,277.63,286.36,212.11,252.64,1.48
2017-06-26,253.29,284.88,216.47,283.79,1.37
2017-06-27,284.24,321.69,262.11,315.43,1.38
2017-06-28,315.51,321.0,284.33,291.27,912.97
2017-06-29,291.84,302.35,269.61,279.55,626.77
2017-06-30,279.42,279.42,249.41,259.78,717.61
2017-07-01,260.66,292.37,255.42,283.37,697.69
2017-07-02,282.88,286.46,272.01,276.27,440.41
2017-07-03,276.03,284.21,265.02,268.37,460.05
2017-07-04,268.42,274.59,253.97,265.97,517.86
2017-07-05,266.0,274.68,260.62,266.05,350.22
2017-07-06,266.08,266.08,236.18,240.66,470.21
2017-07-07,240.78,249.53,232.75,245.97,477.43
2017-07-08,245.94,249.47,235.73,237.51,256.57
2017-07-09,237.56,237.56,189.21,204.29,743.21
2017-07-10,203.94,214.58,172.73,190.16,1.08
2017-07-11,190.21,227.12,183.2,224.31,924.88
2017-07-12,224.28,224.74,192.65,205.26,581.74
2017-07-13,205.22,205.22,182.46,197.07,547.28
2017-07-14,197.09,197.09,168.44,168.95,504.47
2017-07-15,169.11,170.17,135.44,155.74,1.13
2017-07-16,156.0,191.25,156.0,190.28,1.11
2017-07-17,190.47,257.21,180.43,227.15,1.96
2017-07-18,227.2,242.42,187.15,194.64,1.59
2017-07-19,194.65,246.15,194.65,226.88,1.6
2017-07-20,227.34,236.41,208.5,216.44,738.87
2017-07-21,216.41,237.28,216.41,231.28,483.78
2017-07-22,231.53,233.76,220.65,228.65,416.07
2017-07-23,228.64,231.15,224.44,226.37,299.22
2017-07-24,226.38,226.38,192.75,203.51,821.08
2017-07-25,203.37,208.63,193.77,203.1,530.7
2017-07-26,203.33,209.13,199.88,203.23,337.19
2017-07-27,203.26,208.48,186.78,191.11,504.63
2017-07-28,191.39,210.8,178.1,206.42,703.47
2017-07-29,206.53,211.63,193.73,195.94,451.89
2017-07-30,196.06,205.97,191.16,201.57,435.97
2017-07-31,201.81,233.51,198.77,226.32,1.18
2017-08-01,226.34,228.95,214.82,217.93,468.81
2017-08-02,218.0,230.3,218.0,224.62,418.38
2017-08-03,224.59,230.51,219.27,220.96,436.11
2017-08-04,221.0,258.46,221.0,253.36,975.11
2017-08-05,253.5,272.53,250.76,264.83,975.29
2017-08-06,264.64,276.62,260.69,270.11,670.84
2017-08-07,270.13,300.35,267.51,296.66,1.07
2017-08-08,296.38,315.51,279.94,295.26,1.84
2017-08-09,295.08,310.64,291.02,298.03,807.72
2017-08-10,298.35,316.07,298.35,309.5,734.77
2017-08-11,309.57,327.3,304.56,308.33,792.95
2017-08-12,308.33,316.99,267.48,297.0,1.06
2017-08-13,297.22,320.12,294.18,299.68,658.51
2017-08-14,299.36,300.18,270.73,286.78,851.07
2017-08-15,286.61,312.22,286.61,301.22,714.84
2017-08-16,301.34,308.45,294.51,300.05,673.32
2017-08-17,300.26,304.1,285.71,292.86,719.18
2017-08-18,292.66,301.23,286.37,293.09,676.77
2017-08-19,293.38,299.69,289.41,299.69,453.91
2017-08-20,298.61,347.17,292.56,321.8,1.78
2017-08-21,321.8,337.63,295.38,313.87,1.04
2017-08-22,314.24,327.17,312.04,317.8,616.59
2017-08-23,317.68,334.67,317.68,325.61,525.32
2017-08-24,325.52,338.22,324.24,330.02,538.55
2017-08-25,329.74,337.25,325.42,332.46,404.54
2017-08-26,332.55,348.78,330.56,347.87,480.89
2017-08-27,348.27,353.1,338.76,347.6,624.94
2017-08-28,348.17,379.97,348.17,372.84,983.24
2017-08-29,372.11,389.98,366.73,383.5,988.93
2017-08-30,383.07,392.83,381.99,388.18,572.53
2017-08-31,388.58,401.63,388.11,392.17,704.75
2017-09-01,391.85,391.85,331.38,351.72,1.22
2017-09-02,351.37,369.07,339.39,352.88,787.89
2017-09-03,352.93,352.93,282.65,306.44,1.71
2017-09-04,306.45,325.37,282.2,319.31,1.33
2017-09-05,319.77,343.63,319.77,339.35,870.51
2017-09-06,339.29,340.24,323.88,335.13,614.13
2017-09-07,335.74,335.74,293.32,307.56,940.64
2017-09-08,307.29,310.04,294.96,304.35,456.98
2017-09-09,304.42,306.09,283.15,299.71,616.31
2017-09-10,299.68,309.12,289.46,298.31,494.48
2017-09-11,298.12,314.1,286.49,294.2,690.47
2017-09-12,294.32,294.32,256.74,276.03,985.4
2017-09-13,275.61,277.89,220.62,223.01,1.19
2017-09-14,223.19,268.88,207.88,259.82,1.97
2017-09-15,259.92,270.66,245.91,254.76,798.97
2017-09-16,254.6,265.84,242.27,258.52,422.74
2017-09-17,258.67,303.42,258.67,297.9,1.09
2017-09-18,297.89,297.89,276.45,282.83,650.77
2017-09-19,283.1,291.98,277.88,283.78,393.42
2017-09-20,283.5,283.5,252.08,257.75,651.46
2017-09-21,257.96,269.5,254.07,263.52,440.5
2017-09-22,263.41,286.96,262.79,286.08,456.51
2017-09-23,286.07,292.17,276.41,282.93,574.65
2017-09-24,282.57,299.27,282.57,294.91,500.66
2017-09-25,294.44,294.65,285.32,288.3,334.05
2017-09-26,288.17,313.58,288.17,309.33,582.83
2017-09-27,309.47,309.9,298.32,302.46,484.68
2017-09-28,302.5,303.03,280.73,292.3,611.24
2017-09-29,292.47,307.9,292.47,302.65,339.84
2017-09-30,302.82,306.26,297.04,303.13,413.18
2017-10-01,302.88,303.81,293.2,297.22,621.39
2017-10-02,297.16,298.94,287.03,292.12,560.91
2017-10-03,292.22,296.1,287.12,292.01,468.02
2017-10-04,291.88,299.17,288.64,294.99,455.95
2017-10-05,294.82,308.86,294.43,308.12,487.09
2017-10-06,308.05,315.72,305.82,310.76,454.85
2017-10-07,310.66,318.02,306.9,308.55,556.36
2017-10-08,308.77,315.65,282.6,296.67,759.79
2017-10-09,296.94,305.81,288.97,298.65,454.36
2017-10-10,299.02,305.87,296.91,302.58,554.86
2017-10-11,302.68,325.95,297.7,302.54,801.0
2017-10-12,302.32,348.6,293.16,336.66,1.64
2017-10-13,336.65,351.01,332.13,336.93,792.59
2017-10-14,338.17,343.76,320.33,336.55,837.91
2017-10-15,336.51,354.19,330.96,333.77,990.96
2017-10-16,333.47,333.47,310.06,316.09,731.21
2017-10-17,316.06,317.52,292.73,313.65,770.66
2017-10-18,313.93,318.61,304.12,307.28,563.37
2017-10-19,307.07,318.72,299.58,302.5,654.59
2017-10-20,302.53,305.06,287.39,299.93,579.98
2017-10-21,299.93,307.4,291.47,294.33,468.05
2017-10-22,294.27,294.27,275.46,284.46,689.53
2017-10-23,284.19,311.48,272.91,296.89,935.66
2017-10-24,296.22,304.31,291.28,296.11,528.58
2017-10-25,295.73,303.93,291.32,295.63,424.92
2017-10-26,295.28,299.24,289.17,296.65,394.27
2017-10-27,296.53,297.35,289.77,293.58,380.27
2017-10-28,293.81,320.55,293.81,303.55,643.15
2017-10-29,303.35,311.26,302.16,306.04,561.86
2017-10-30,306.15,318.88,302.49,303.27,539.99
2017-10-31,303.35,313.26,288.5,289.54,766.78
2017-11-01,289.69,300.13,270.52,285.18,1.16
2017-11-02,285.32,310.3,283.42,305.27,816.33
2017-11-03,305.07,312.16,293.76,300.31,603.36
2017-11-04,300.26,302.38,290.31,296.04,649.24
2017-11-05,295.78,305.27,285.44,297.85,812.79
2017-11-06,297.7,304.19,287.33,291.99,852.69
2017-11-07,292.2,327.92,288.79,308.44,1.39
2017-11-08,308.58,330.07,301.8,320.45,1.21
2017-11-09,320.28,320.28,287.63,297.34,1.35
2017-11-10,297.11,321.48,288.98,313.81,1.38
2017-11-11,313.55,318.38,281.82,304.8,2.17
2017-11-12,304.7,335.03,303.37,315.09,1.42
2017-11-13,315.1,339.8,314.02,335.52,1.62
2017-11-14,336.12,352.89,325.38,331.73,1.02
2017-11-15,331.56,347.55,321.08,329.72,1.09
2017-11-16,330.18,335.75,320.7,331.4,1.07
2017-11-17,331.65,349.4,328.68,347.01,1.03
2017-11-18,346.99,378.55,343.71,354.19,1.47
2017-11-19,354.14,374.66,354.14,368.1,1.18
2017-11-20,367.72,373.62,351.62,360.18,1.4
2017-11-21,360.46,382.13,360.46,381.72,1.17
2017-11-22,381.83,423.58,373.27,407.12,2.69
2017-11-23,406.66,478.41,396.1,470.45,3.18
2017-11-24,470.51,496.75,457.1,463.34,2.04
2017-11-25,463.26,482.67,446.2,470.37,1.69
2017-11-26,470.28,491.62,462.4,474.6,2.12
2017-11-27,474.06,483.58,460.04,466.7,1.83
2017-11-28,466.59,507.86,407.72,426.74,3.58
2017-11-29,427.1,457.7,401.21,435.28,2.43
2017-11-30,435.35,472.46,429.69,461.77,1.85
2017-12-01,461.83,470.6,450.14,457.53,1.28
2017-12-02,457.61,479.98,444.82,462.09,1.48
2017-12-03,461.37,473.75,451.21,466.11,1.72
2017-12-04,466.3,468.14,448.47,453.18,1.81
2017-12-05,453.87,491.87,410.33,421.66,2.85
2017-12-06,422.09,503.41,417.02,430.29,2.83
2017-12-07,438.46,495.11,399.68,456.96,2.9
2017-12-08,456.02,515.03,433.59,472.19,2.57
2017-12-09,470.36,481.19,422.45,435.35,1.83
2017-12-10,435.85,522.71,435.85,517.67,2.51
2017-12-11,515.16,677.77,505.77,655.05,6.61
2017-12-12,654.08,743.8,589.87,698.22,6.16
2017-12-13,697.99,756.64,655.55,691.82,4.69
2017-12-14,692.57,717.04,608.55,682.92,3.8
2017-12-15,683.24,755.71,677.24,691.97,2.77
2017-12-16,691.2,734.71,686.65,716.74,3.18
2017-12-17,716.28,803.59,687.36,786.63,4.37
2017-12-18,786.1,854.73,747.53,814.42,5.68
2017-12-19,814.76,821.46,718.33,797.98,5.43
2017-12-20,797.68,824.41,748.61,786.75,4.63
2017-12-21,789.54,789.54,524.82,660.47,6.51
2017-12-22,660.24,733.67,660.24,700.04,2.84
2017-12-23,695.39,695.39,618.2,677.54,3.35
2017-12-24,677.8,747.84,670.0,722.82,3.19
2017-12-25,723.34,804.08,723.34,752.86,2.77
2017-12-26,752.8,760.26,711.17,739.35,2.91
2017-12-27,739.79,742.73,676.73,719.68,3.31
2017-12-28,721.14,756.39,714.34,741.32,3.14
2017-12-29,741.29,741.29,647.34,696.59,3.8
2017-12-30,699.02,764.58,699.02,747.61,2.92
2017-12-31,747.3,770.9,730.99,765.66,2.89
2018-01-01,761.0,929.83,761.0,862.7,6.17
2018-01-02,863.81,962.02,854.46,946.91,5.76
2018-01-03,946.63,1029.0,911.29,948.95,6.94
2018-01-04,952.03,1108.0,929.6,967.77,6.2
2018-01-05,968.84,1052.0,960.12,1012.0,4.03
2018-01-06,1011.0,1122.0,984.48,1122.0,5.78
2018-01-07,1118.0,1212.0,982.58,1141.0,8.7
2018-01-08,1142.0,1322.0,1122.0,1299.0,7.74
2018-01-09,1298.0,1431.0,1222.0,1251.0,9.13
2018-01-10,1253.0,1297.0,1099.0,1146.0,7.2
2018-01-11,1146.0,1284.0,1120.0,1266.0,5.63
2018-01-12,1265.0,1437.0,1265.0,1391.0,6.33
2018-01-13,1390.0,1390.0,1280.0,1362.0,5.08
2018-01-14,1360.0,1360.0,1254.0,1277.0,5.24
2018-01-15,1280.0,1280.0,880.58,1043.0,9.34
2018-01-16,1046.0,1102.0,802.2,1024.0,9.78
2018-01-17,1023.0,1082.0,961.27,1017.0,6.32
2018-01-18,1018.0,1085.0,1001.0,1043.0,4.21
2018-01-19,1043.0,1168.0,1043.0,1153.0,4.55
2018-01-20,1153.0,1153.0,1015.0,1050.0,3.48
2018-01-21,1051.0,1065.0,934.41,999.79,3.8
2018-01-22,999.11,1016.0,926.49,984.41,3.9
2018-01-23,1007.0,1060.0,997.42,1060.0,3.95
2018-01-24,1061.0,1085.0,1031.0,1050.0,3.38
2018-01-25,1051.0,1071.0,1007.0,1050.0,3.96
2018-01-26,1051.0,1115.0,1051.0,1115.0,3.33
2018-01-27,1110.0,1231.0,1110.0,1231.0,4.74
2018-01-28,1229.0,1229.0,1152.0,1169.0,3.91
2018-01-29,1168.0,1168.0,1038.0,1066.0,4.59
2018-01-30,1066.0,1119.0,1046.0,1110.0,3.2
2018-01-31,1110.0,1120.0,971.09,1020.0,5.61
2018-02-01,1022.0,1022.0,778.21,916.98,7.33
2018-02-02,917.84,988.01,879.22,966.87,3.73
2018-02-03,965.97,965.97,789.51,820.96,3.86
2018-02-04,820.16,821.38,636.62,694.05,5.28
2018-02-05,693.04,799.25,592.8,783.68,7.67
2018-02-06,782.75,840.73,723.67,753.34,4.79
2018-02-07,752.87,841.25,752.87,814.73,3.84
2018-02-08,813.6,880.0,811.85,876.59,2.77
2018-02-09,876.9,889.83,827.34,851.95,3.5
2018-02-10,852.23,852.23,786.16,811.54,3.33
2018-02-11,811.72,878.08,811.72,864.73,3.42
2018-02-12,864.91,864.91,826.08,841.28,2.22
2018-02-13,841.45,924.05,841.45,919.63,3.68
2018-02-14,919.68,954.58,906.75,926.14,4.53
2018-02-15,926.94,950.28,926.91,939.86,4.23
2018-02-16,939.84,993.23,939.84,974.38,4.26
2018-02-17,974.72,974.72,904.49,915.1,3.41
2018-02-18,915.57,966.58,915.57,940.64,3.15
2018-02-19,940.01,949.05,865.55,885.03,3.7
2018-02-20,884.32,890.31,818.94,839.09,3.39
2018-02-21,838.62,850.87,789.94,805.06,3.16
2018-02-22,804.69,878.71,802.52,853.32,4.1
2018-02-23,853.35,858.45,806.88,832.89,3.09
2018-02-24,832.72,846.36,822.81,842.13,3.67
2018-02-25,842.56,891.78,842.56,867.53,3.84
2018-02-26,867.92,896.06,866.26,871.81,3.29
2018-02-27,871.32,880.61,849.45,852.34,3.13
2018-02-28,852.01,884.36,852.01,867.74,3.9
2018-03-01,869.39,871.62,854.05,854.05,3.36
2018-03-02,855.4,864.81,855.4,855.52,1.79
2018-03-03,856.34,869.59,852.5,864.91,2.53
2018-03-04,864.6,864.6,844.95,846.26,2.37
2018-03-05,846.16,846.16,800.92,812.42,2.43
2018-03-06,813.51,813.51,731.94,750.27,2.65
2018-03-07,750.59,750.59,696.94,699.48,2.31
2018-03-08,698.9,727.93,664.39,726.67,3.07
2018-03-09,725.63,725.63,681.75,683.41,2.58
2018-03-10,682.04,735.4,682.04,719.08,2.11
2018-03-11,719.76,721.69,682.46,697.0,2.09
2018-03-12,697.0,705.77,683.88,687.3,1.93
2018-03-13,688.13,688.13,593.08,611.18,2.74
2018-03-14,611.66,619.64,580.66,610.79,2.32
2018-03-15,610.77,619.08,590.6,598.68,1.6
2018-03-16,597.42,597.42,540.48,540.48,2.0
2018-03-17,546.08,563.47,464.63,537.34,4.25
2018-03-18,537.34,560.02,521.59,554.73,2.59
2018-03-19,554.46,565.74,537.0,558.5,2.94
2018-03-20,558.47,579.76,546.64,558.37,2.08
2018-03-21,558.33,566.89,523.29,538.59,1.83
2018-03-22,538.72,546.96,520.19,543.5,2.09
2018-03-23,543.01,543.01,519.56,519.56,1.39
2018-03-24,519.71,521.66,516.5,519.36,1.74
2018-03-25,520.99,520.99,475.45,484.1,2.18
2018-03-26,484.58,484.58,447.83,448.65,1.89
2018-03-27,448.29,456.94,442.71,442.71,1.83
2018-03-28,444.37,444.37,382.35,384.16,2.45
2018-03-29,383.62,406.0,366.46,393.13,2.41
2018-03-30,393.11,411.97,390.86,392.16,1.45
2018-03-31,392.34,395.74,364.17,378.9,1.65
2018-04-01,379.04,392.61,379.04,385.52,1.48
2018-04-02,385.38,419.36,385.38,413.81,1.75
2018-04-03,413.93,413.93,369.1,378.38,1.34
2018-04-04,378.23,389.85,378.23,380.41,1.4
2018-04-05,381.04,381.04,365.6,370.19,1.09
2018-04-06,370.2,394.3,370.2,385.31,1.21
2018-04-07,386.22,401.53,386.22,400.03,1.37
2018-04-08,400.23,423.07,388.49,398.83,2.1
2018-04-09,399.22,415.47,397.5,415.47,1.53
2018-04-10,415.76,432.69,415.76,432.69,1.92
2018-04-11,431.38,495.98,431.38,495.18,3.46
2018-04-12,494.82,522.69,483.76,495.07,2.64
2018-04-13,495.03,511.47,491.88,503.84,2.15
2018-04-14,503.93,531.99,503.93,531.99,2.18
2018-04-15,532.53,532.53,500.84,511.13,2.34
2018-04-16,511.54,516.82,501.0,503.21,1.9
2018-04-17,503.41,527.43,503.41,527.43,2.0
2018-04-18,527.38,569.09,527.38,569.09,2.4
2018-04-19,568.79,623.3,568.79,617.53,3.28
2018-04-20,616.82,624.28,582.14,606.87,2.87
2018-04-21,606.78,641.27,593.08,623.21,2.79
2018-04-22,623.4,649.8,623.4,649.8,3.12
2018-04-23,648.24,706.0,648.24,698.08,3.71
2018-04-24,700.79,700.79,597.05,618.34,4.81
2018-04-25,618.22,664.42,614.9,662.38,3.4
2018-04-26,662.4,675.98,641.26,645.6,2.91
2018-04-27,645.84,691.5,645.84,682.5,3.0
2018-04-28,682.41,694.75,674.46,688.91,3.56
2018-04-29,689.04,689.04,669.46,669.46,2.93
2018-04-30,669.68,673.88,634.73,672.09,3.13
2018-05-01,672.9,693.49,672.9,693.49,3.01
2018-05-02,690.26,782.13,690.26,777.75,4.85
2018-05-03,777.4,802.45,768.14,786.18,4.3
2018-05-04,784.8,822.23,784.8,816.57,3.74
2018-05-05,816.87,825.51,761.06,790.14,3.72
2018-05-06,790.81,790.81,694.88,752.64,5.56
2018-05-07,751.33,765.94,724.44,748.05,3.35
2018-05-08,747.76,758.9,718.55,751.93,2.83
2018-05-09,752.64,752.64,719.41,719.41,3.02
2018-05-10,721.26,721.26,664.27,675.93,3.93
2018-05-11,676.69,687.62,646.72,685.72,2.92
2018-05-12,687.85,735.21,683.09,729.69,3.0
2018-05-13,729.42,740.13,693.39,727.45,3.7
2018-05-14,727.45,730.16,699.38,706.21,2.98
2018-05-15,705.92,709.47,675.43,707.45,2.82
2018-05-16,707.09,707.09,667.52,669.68,2.49
2018-05-17,669.71,694.16,667.89,694.16,3.01
2018-05-18,694.51,711.81,684.43,698.2,2.09
2018-05-19,697.94,724.1,697.94,714.95,2.75
2018-05-20,715.02,715.02,694.18,696.13,2.63
2018-05-21,695.53,695.53,637.95,637.95,2.75
2018-05-22,640.56,640.56,568.72,579.37,3.9
2018-05-23,578.33,607.03,552.54,602.14,3.49
2018-05-24,602.37,612.78,573.04,586.43,2.57
2018-05-25,587.13,599.75,579.5,585.22,2.0
2018-05-26,584.77,584.77,558.69,566.67,2.54
2018-05-27,568.06,568.06,504.34,514.43,3.05
2018-05-28,514.0,571.16,514.0,566.13,2.79
2018-05-29,566.09,578.86,545.61,557.83,2.48
2018-05-30,558.56,583.27,558.56,577.52,2.3
2018-05-31,577.81,586.46,567.7,580.0,2.28
2018-06-01,579.94,598.92,579.94,593.67,2.07
2018-06-02,593.36,623.87,593.36,617.0,2.03
2018-06-03,617.59,617.59,581.5,591.58,2.09
2018-06-04,591.79,612.2,582.26,608.35,1.69
2018-06-05,608.51,610.65,597.15,605.97,1.9
2018-06-06,606.57,613.69,598.83,604.28,1.9
2018-06-07,604.46,605.74,593.88,599.92,1.9
2018-06-08,600.07,600.07,589.23,589.23,1.78
2018-06-09,591.53,591.53,507.14,523.97,2.57
2018-06-10,524.32,536.25,513.09,531.06,1.94
2018-06-11,530.81,530.81,487.58,492.44,2.21
2018-06-12,492.63,495.06,453.55,475.07,2.56
2018-06-13,475.43,525.08,468.38,519.85,2.81
2018-06-14,519.18,519.18,483.34,488.77,2.37
2018-06-15,487.69,502.27,487.0,497.21,1.82
2018-06-16,497.17,504.31,493.94,496.99,1.59
2018-06-17,496.87,521.98,496.87,518.62,2.18
2018-06-18,518.54,546.44,517.16,538.2,2.07
2018-06-19,538.06,540.52,521.82,535.77,1.87
2018-06-20,535.65,535.65,520.69,520.69,1.87
2018-06-21,524.13,524.13,449.95,462.38,2.65
2018-06-22,463.15,474.49,460.88,469.08,1.91
2018-06-23,471.66,473.15,428.74,455.59,2.59
2018-06-24,455.47,471.74,448.44,458.08,1.85
2018-06-25,458.22,458.22,430.19,430.19,1.94
2018-06-26,429.98,445.22,423.62,441.56,1.92
2018-06-27,441.0,441.0,418.17,419.97,1.74
2018-06-28,420.0,441.08,412.85,435.41,1.85
2018-06-29,435.76,460.73,435.76,453.69,1.95
2018-06-30,453.67,455.22,448.42,453.94,1.4
2018-07-01,453.15,480.72,451.7,476.15,2.23
2018-07-02,475.86,481.14,460.46,462.24,2.16
2018-07-03,462.62,478.66,457.47,467.67,1.77
2018-07-04,467.7,474.31,459.97,467.7,2.06
2018-07-05,467.84,474.48,455.51,469.86,1.79
2018-07-06,470.11,486.94,467.59,486.28,1.51
2018-07-07,486.08,493.43,481.79,486.05,1.52
2018-07-08,485.62,485.62,468.49,468.49,1.84
2018-07-09,470.23,470.23,428.08,433.07,1.97
2018-07-10,433.29,447.36,428.08,444.6,1.53
2018-07-11,444.6,444.6,421.21,431.38,1.57
2018-07-12,431.37,440.43,426.24,432.51,1.57
2018-07-13,432.62,438.53,430.96,434.73,1.42
2018-07-14,435.13,452.96,435.13,451.33,1.41
2018-07-15,450.39,480.24,450.39,478.32,2.01
2018-07-16,477.98,510.56,476.55,498.66,2.24
2018-07-17,498.3,509.2,472.7,478.5,2.14
2018-07-18,478.14,482.52,464.79,467.87,1.76
2018-07-19,467.89,467.89,442.15,449.53,1.99
2018-07-20,450.12,468.01,446.65,461.16,1.57
2018-07-21,461.48,466.95,456.27,457.76,1.08
2018-07-22,457.59,468.87,450.78,451.91,1.54
2018-07-23,451.0,486.82,451.0,478.43,1.98
2018-07-24,478.38,480.67,465.03,471.45,1.64
2018-07-25,471.63,477.19,460.27,462.63,1.28
2018-07-26,462.2,475.34,458.8,469.6,1.49
2018-07-27,468.99,471.38,463.42,468.7,1.38
2018-07-28,468.31,469.02,464.08,465.38,1.47
2018-07-29,465.39,465.39,448.87,453.64,1.86
2018-07-30,454.02,454.02,426.43,430.71,1.95
2018-07-31,430.7,433.37,399.59,418.75,5.94
2018-08-01,418.9,421.94,405.2,410.62,2.7
2018-08-02,410.6,418.63,398.14,416.85,2.32
2018-08-03,416.9,416.9,400.01,406.72,2.17
2018-08-04,406.56,412.7,400.62,407.86,2.35
2018-08-05,408.46,412.04,399.69,403.76,2.5
2018-08-06,404.5,404.5,372.38,377.29,2.15
2018-08-07,377.77,377.77,348.83,355.8,2.37
2018-08-08,355.5,370.79,353.91,364.32,2.33
2018-08-09,363.19,363.19,328.91,330.58,2.19
2018-08-10,330.93,332.86,306.7,317.98,2.33
2018-08-11,317.63,327.69,314.33,316.77,2.2
2018-08-12,316.82,316.82,282.35,282.35,2.4
2018-08-13,282.54,282.8,254.3,279.25,3.0
2018-08-14,279.29,301.25,278.22,281.96,2.7
2018-08-15,282.75,296.35,280.28,287.47,2.24
2018-08-16,287.39,315.76,287.39,315.1,3.03
2018-08-17,315.71,317.96,284.85,295.01,2.78
2018-08-18,295.3,305.27,290.64,298.59,2.37
2018-08-19,298.82,300.28,269.86,270.84,2.03
2018-08-20,270.92,285.08,270.92,280.66,1.97
2018-08-21,280.81,294.59,260.81,270.28,2.27
2018-08-22,270.39,280.71,268.78,275.98,2.11
2018-08-23,275.64,282.9,271.2,280.61,1.83
2018-08-24,280.63,282.72,276.17,277.57,1.6
2018-08-25,277.42,277.42,269.38,273.8,1.74
2018-08-26,274.29,288.01,273.53,287.59,1.98
2018-08-27,287.59,297.32,283.6,295.23,2.45
2018-08-28,295.25,296.39,284.28,288.34,2.42
2018-08-29,288.35,290.3,273.09,283.67,2.23
2018-08-30,283.67,286.32,274.12,281.44,1.82
2018-08-31,281.3,301.54,281.3,295.2,2.22
2018-09-01,295.36,299.49,289.61,295.12,1.91
2018-09-02,294.91,295.61,284.88,288.72,1.85
2018-09-03,288.68,292.4,281.38,284.97,2.21
2018-09-04,284.96,284.96,226.45,228.33,2.69
2018-09-05,228.4,233.36,212.16,229.3,2.95
2018-09-06,229.24,233.54,213.6,215.07,2.41
2018-09-07,215.24,219.89,190.38,196.85,2.43
2018-09-08,196.73,207.78,185.43,195.89,3.0
2018-09-09,195.77,202.4,188.7,196.64,2.34
2018-09-10,196.78,198.85,176.34,184.95,2.47
2018-09-11,184.93,185.27,167.79,182.68,2.45
2018-09-12,182.84,214.6,182.84,210.66,3.41
2018-09-13,210.77,223.67,202.93,208.9,2.9
2018-09-14,208.82,227.18,208.19,221.53,2.41
2018-09-15,221.48,223.32,207.2,219.83,2.19
2018-09-16,220.0,223.96,192.45,196.03,2.86
2018-09-17,196.04,216.32,194.22,208.3,2.42
2018-09-18,208.34,215.11,198.39,209.67,2.19
2018-09-19,209.56,226.8,206.83,223.91,2.51
2018-09-20,224.09,251.5,221.82,247.33,3.16
2018-09-21,247.1,253.92,233.22,240.7,2.08
2018-09-22,240.66,248.86,237.31,244.35,2.02
2018-09-23,244.37,244.89,225.26,227.9,1.96
2018-09-24,227.82,227.82,203.76,219.04,2.56
2018-09-25,219.03,222.34,207.51,214.15,2.16
2018-09-26,214.1,233.61,209.98,228.81,2.17
2018-09-27,228.66,233.02,215.61,221.77,1.96
2018-09-28,221.61,237.45,214.37,231.28,1.99
2018-09-29,231.2,238.11,226.57,232.4,1.49
2018-09-30,232.45,234.07,224.62,230.34,1.43
2018-10-01,230.52,230.52,222.85,224.78,1.43
2018-10-02,224.78,225.07,215.26,219.58,1.47
2018-10-03,219.38,225.53,218.88,221.18,1.33
2018-10-04,221.3,230.11,219.33,226.95,1.46
2018-10-05,226.62,227.47,222.06,223.76,1.29
2018-10-06,223.84,225.94,221.62,225.05,1.37
2018-10-07,225.25,231.02,223.75,228.72,1.49
2018-10-08,228.46,229.21,225.57,226.78,1.12
2018-10-09,226.81,226.81,222.13,224.02,1.33
2018-10-10,224.19,224.19,187.14,189.41,2.09
2018-10-11,189.55,199.02,188.8,195.03,1.23
2018-10-12,194.7,199.89,194.25,198.44,1.0
2018-10-13,198.72,199.85,191.73,193.75,1.07
2018-10-14,194.18,226.8,190.19,205.76,2.84
2018-10-15,207.45,211.42,205.0,208.35,1.18
2018-10-16,208.0,209.54,204.21,206.32,1.05
2018-10-17,206.8,208.27,199.42,201.68,1.06
2018-10-18,201.09,203.69,200.04,201.47,992.04
2018-10-19,201.54,205.65,200.69,204.02,930.58
2018-10-20,204.2,207.29,203.04,203.83,869.33
2018-10-21,203.27,204.51,201.1,202.42,1.06
2018-10-22,202.79,203.9,199.61,202.4,1.05
2018-10-23,202.17,203.91,201.41,201.92,913.39
2018-10-24,201.64,201.91,199.13,200.48,889.94
2018-10-25,200.87,205.86,200.27,202.01,1.06
2018-10-26,201.87,203.57,201.62,202.65,775.23
2018-10-27,202.62,204.38,202.13,203.45,927.87
2018-10-28,203.49,203.49,193.34,195.33,1.25
2018-10-29,195.04,197.26,194.63,196.21,924.41
2018-10-30,196.15,200.13,192.99,197.54,1.1
2018-10-31,197.43,199.09,196.65,198.21,895.18
2018-11-01,198.44,202.24,198.16,200.65,1.11
2018-11-02,200.73,201.18,198.07,199.34,910.96
2018-11-03,199.27,216.95,199.12,210.77,1.36
2018-11-04,210.25,211.98,206.26,209.23,1.16
2018-11-05,209.3,219.42,208.01,218.95,1.51
2018-11-06,219.25,223.16,216.02,217.6,1.32
2018-11-07,217.36,217.9,210.98,211.36,1.26
2018-11-08,211.25,212.51,207.3,208.86,1.06
2018-11-09,208.77,213.34,208.33,211.18,1.01
2018-11-10,211.43,212.0,207.27,210.6,1.16
2018-11-11,210.49,211.45,208.2,210.0,955.84
2018-11-12,209.88,209.88,204.42,205.28,992.47
2018-11-13,206.02,206.02,170.7,181.83,2.22
2018-11-14,181.5,185.14,169.48,180.65,1.75
2018-11-15,180.53,181.42,171.07,174.14,1.25
2018-11-16,174.04,175.38,171.8,173.47,1.01
2018-11-17,173.6,180.06,173.6,176.89,1.17
2018-11-18,177.13,177.13,143.1,147.46,2.11
2018-11-19,147.64,148.45,124.58,130.68,2.54
2018-11-20,130.48,139.53,125.82,136.02,1.65
2018-11-21,136.05,136.05,123.97,124.84,1.14
2018-11-22,124.79,126.78,117.96,122.84,1.38
2018-11-23,122.83,124.44,109.05,112.43,1.1
2018-11-24,112.47,119.98,102.35,115.93,1.91
2018-11-25,115.79,117.3,104.75,108.36,1.35
2018-11-26,108.41,112.26,101.7,109.53,1.36
2018-11-27,109.84,125.92,109.84,122.63,1.51
2018-11-28,122.87,124.02,115.27,117.64,1.27
2018-11-29,118.0,119.13,110.93,113.41,1.19
2018-11-30,113.3,121.55,112.84,118.8,1.11
2018-12-01,118.64,119.82,115.55,116.25,904.89
2018-12-02,116.25,116.25,106.56,108.44,942.83
2018-12-03,108.57,113.05,107.06,110.11,927.7
2018-12-04,110.03,110.03,101.68,102.14,856.03
2018-12-05,102.09,102.59,90.03,90.94,1.17
2018-12-06,90.91,98.58,82.8,93.63,1.57
2018-12-07,93.65,99.04,86.16,91.8,1.07
2018-12-08,91.86,100.04,90.71,94.98,889.83
2018-12-09,95.05,96.18,89.73,91.38,796.31
2018-12-10,91.22,92.21,86.69,88.46,715.02
2018-12-11,88.29,92.66,88.28,90.88,768.35
2018-12-12,90.55,90.69,85.05,86.72,733.4
2018-12-13,86.91,87.24,83.03,84.45,663.23
2018-12-14,84.5,86.17,82.77,84.75,498.99
2018-12-15,84.83,88.96,84.83,85.89,610.77
2018-12-16,85.58,98.29,85.58,95.78,1.14
2018-12-17,95.79,103.43,94.67,102.5,1.21
2018-12-18,102.66,109.11,100.33,101.33,1.51
2018-12-19,101.25,119.11,101.25,116.66,1.87
2018-12-20,116.78,119.17,107.96,110.26,1.55
2018-12-21,110.3,119.24,109.77,118.67,1.25
2018-12-22,119.07,135.41,118.13,132.35,2.07
2018-12-23,132.32,160.39,132.32,141.53,3.08
2018-12-24,141.92,142.17,124.9,131.68,2.3
2018-12-25,131.8,139.43,127.13,133.3,1.67
2018-12-26,133.16,133.18,115.2,117.52,1.5
2018-12-27,117.29,141.16,117.29,139.91,1.88
2018-12-28,139.94,149.13,133.37,138.16,2.06
2018-12-29,138.3,143.84,133.22,142.2,1.63
2018-12-30,141.97,141.97,131.85,134.44,1.2
2018-12-31,134.82,145.59,134.74,143.32,1.37
2019-01-01,142.74,160.21,142.41,156.83,2.08
2019-01-02,156.6,157.13,147.0,150.22,1.59
2019-01-03,150.37,159.47,148.33,156.32,2.02
2019-01-04,156.78,163.47,155.02,157.15,1.95
2019-01-05,157.24,164.25,153.49,159.39,1.87
2019-01-06,158.89,159.24,151.74,153.14,1.54
2019-01-07,153.04,154.98,148.67,151.34,1.68
2019-01-08,151.53,155.78,150.33,151.37,1.36
2019-01-09,151.24,151.24,124.91,128.35,2.13
2019-01-10,127.73,129.49,123.07,126.98,1.42
2019-01-11,127.43,128.64,125.08,126.25,876.71
2019-01-12,126.08,126.08,115.05,116.86,1.1
2019-01-13,116.7,132.04,116.7,129.44,1.5
2019-01-14,129.63,130.97,118.76,121.4,1.41
2019-01-15,121.5,128.13,120.42,123.08,1.6
2019-01-16,123.18,125.22,119.54,123.78,1.34
2019-01-17,123.65,123.65,119.47,120.74,1.0
2019-01-18,121.04,127.75,121.04,124.86,1.26
2019-01-19,124.91,124.91,115.75,118.5,1.34
2019-01-20,118.52,119.14,115.06,116.84,1.12
2019-01-21,116.74,120.51,113.37,119.17,1.29
2019-01-22,118.88,119.38,116.3,117.43,988.05
2019-01-23,117.73,119.35,115.84,117.95,984.65
2019-01-24,117.81,118.43,115.56,116.14,1.06
2019-01-25,116.58,118.78,116.56,116.72,841.28
2019-01-26,116.62,116.62,112.32,112.86,1.03
2019-01-27,112.56,112.56,102.5,106.36,1.54
2019-01-28,106.2,107.34,103.2,105.1,1.17
2019-01-29,105.2,110.34,104.71,109.02,1.26
2019-01-30,108.9,110.66,106.07,106.97,948.96
2019-01-31,107.2,108.94,105.02,107.46,1.01
2019-02-01,107.9,111.87,107.36,111.21,897.51
2019-02-02,111.12,111.29,106.45,107.66,987.01
2019-02-03,107.38,108.71,106.76,107.44,897.61
2019-02-04,107.31,108.06,106.69,107.33,939.16
2019-02-05,107.12,107.18,101.29,104.44,1.12
2019-02-06,104.52,106.11,103.91,104.48,826.51
2019-02-07,104.52,122.55,104.52,119.37,1.71
2019-02-08,119.34,122.57,117.93,119.66,1.26
2019-02-09,119.63,126.34,117.2,125.48,1.26
2019-02-10,124.66,124.66,119.22,120.79,1.41
2019-02-11,120.95,123.77,118.86,122.46,1.28
2019-02-12,122.65,126.34,121.18,122.31,1.45
2019-02-13,121.62,123.94,119.96,120.42,1.18
2019-02-14,120.69,124.02,120.48,121.64,1.21
2019-02-15,122.42,125.06,122.37,123.36,990.3
2019-02-16,123.31,136.18,123.31,134.16,2.12
2019-02-17,133.85,149.39,133.85,146.63,3.24
2019-02-18,146.98,150.84,144.13,144.83,2.5
2019-02-19,144.74,150.33,141.68,149.28,2.24
2019-02-20,149.29,150.31,143.89,146.39,1.88
2019-02-21,146.41,150.08,145.46,148.98,1.71
2019-02-22,148.5,161.11,148.5,159.04,2.11
2019-02-23,159.23,163.63,133.39,134.07,3.4
2019-02-24,133.73,142.29,133.72,138.82,2.5
2019-02-25,139.27,139.69,135.17,137.49,1.86
2019-02-26,137.53,141.14,128.91,136.18,2.2
2019-02-27,136.1,139.53,133.46,136.41,2.39
2019-02-28,136.21,138.72,135.85,136.38,1.49
2019-03-01,137.03,137.81,132.08,134.26,1.63
2019-03-02,133.92,135.5,129.55,131.52,1.55
2019-03-03,131.67,131.67,124.5,126.92,1.89
2019-03-04,126.53,138.59,126.53,137.68,2.21
2019-03-05,137.81,141.18,134.92,138.59,2.23
2019-03-06,138.49,140.72,136.59,137.92,1.79
2019-03-07,138.14,139.48,132.21,134.64,1.97
2019-03-08,134.51,139.67,134.51,138.04,1.94
2019-03-09,138.33,138.52,135.57,136.66,1.66
2019-03-10,136.43,136.43,132.27,133.51,1.92
2019-03-11,133.47,135.97,130.13,134.35,1.91
2019-03-12,133.9,133.93,131.43,132.2,1.68
2019-03-13,132.28,134.97,130.25,132.54,1.75
2019-03-14,132.95,138.41,132.95,137.37,2.01
2019-03-15,137.5,145.19,137.5,142.05,2.24
2019-03-16,142.12,142.12,138.49,139.9,1.5
2019-03-17,139.7,142.34,137.4,138.54,1.98
2019-03-18,138.75,141.14,138.39,139.69,1.69
2019-03-19,139.86,140.93,138.08,140.43,1.91
2019-03-20,139.59,139.61,132.72,135.36,1.96
2019-03-21,135.71,138.51,135.31,136.79,1.7
2019-03-22,136.73,138.49,136.73,137.69,1.59
2019-03-23,137.77,137.77,135.61,136.54,1.68
2019-03-24,136.76,136.76,132.24,134.34,1.92
2019-03-25,134.38,135.47,133.05,134.68,1.66
2019-03-26,134.61,140.37,134.61,139.68,2.36
2019-03-27,139.83,142.44,137.78,138.48,1.62
2019-03-28,138.38,143.76,138.38,143.64,1.99
2019-03-29,144.17,146.38,141.38,143.12,1.98
2019-03-30,142.95,143.03,140.77,142.0,1.6
2019-03-31,141.94,144.03,140.39,141.73,1.89
2019-04-01,142.14,166.94,142.14,164.9,4.93
2019-04-02,164.87,177.83,152.17,161.44,5.59
2019-04-03,161.53,164.37,153.9,158.2,3.77
2019-04-04,158.26,168.79,158.26,166.39,3.1
2019-04-05,166.62,172.33,161.33,166.46,3.15
2019-04-06,166.46,176.65,166.46,175.38,3.35
2019-04-07,175.3,187.07,174.59,180.7,4.83
2019-04-08,180.47,180.47,173.78,176.12,3.57
2019-04-09,176.16,184.2,171.07,177.52,3.68
2019-04-10,177.59,177.59,160.3,165.11,3.7
2019-04-11,164.95,166.93,160.59,164.3,2.53
2019-04-12,164.48,165.82,162.34,164.15,2.05
2019-04-13,164.18,169.15,163.72,168.38,1.93
2019-04-14,168.4,168.4,156.79,160.51,2.31
2019-04-15,160.49,167.96,160.49,166.58,2.21
2019-04-16,166.39,167.96,165.08,166.68,2.16
2019-04-17,166.76,176.02,166.76,174.26,2.8
2019-04-18,174.15,174.6,170.3,173.7,2.55
2019-04-19,173.8,177.38,171.53,173.75,2.47
2019-04-20,173.74,174.07,166.79,169.98,2.58
2019-04-21,169.8,173.57,169.01,171.66,2.53
2019-04-22,171.59,176.45,169.39,170.75,3.03
2019-04-23,170.54,170.54,161.02,165.66,3.17
2019-04-24,165.76,165.76,149.92,153.48,2.75
2019-04-25,153.96,160.41,151.8,156.8,3.19
2019-04-26,157.43,164.74,156.72,159.57,2.41
2019-04-27,158.19,159.25,156.91,157.1,2.04
2019-04-28,157.87,159.92,154.28,156.87,2.58
2019-04-29,156.44,164.91,156.44,164.08,2.54
2019-04-30,163.57,165.45,160.28,161.59,2.02
2019-05-01,162.99,165.66,161.22,163.9,2.19
2019-05-02,163.14,172.31,163.13,169.53,2.96
2019-05-03,168.5,172.26,162.48,165.14,2.64
2019-05-04,166.8,168.11,163.14,166.22,2.3
2019-05-05,165.14,179.55,162.12,175.28,3.23
2019-05-06,176.49,185.79,171.17,172.17,3.97
2019-05-07,171.14,175.33,168.28,172.6,2.68
2019-05-08,172.17,174.4,168.05,171.16,2.59
2019-05-09,171.21,177.05,169.68,172.96,3.47
2019-05-10,173.57,204.61,173.57,191.96,6.31
2019-05-11,192.06,200.68,182.6,188.09,5.42
2019-05-12,188.13,208.0,187.36,196.2,4.86
2019-05-13,196.3,219.56,195.46,215.77,6.61
2019-05-14,216.16,249.25,216.16,247.69,7.37
2019-05-15,247.62,277.69,240.9,265.03,11.38
2019-05-16,265.15,265.85,226.9,244.43,9.14
2019-05-17,244.54,246.8,231.78,234.52,5.34
2019-05-18,234.41,264.76,234.41,260.58,6.04
2019-05-19,260.39,260.39,241.68,251.79,5.31
2019-05-20,252.07,261.4,249.05,254.54,4.53
2019-05-21,254.3,257.05,241.0,244.43,4.65
2019-05-22,244.32,249.53,234.8,245.21,5.19
2019-05-23,245.21,254.42,244.28,250.02,4.88
2019-05-24,250.04,257.34,249.08,251.35,4.18
2019-05-25,251.29,271.14,251.29,267.15,4.52
2019-05-26,266.74,278.39,263.95,271.64,5.74
2019-05-27,271.56,275.74,266.29,271.63,4.98
2019-05-28,271.52,274.03,263.24,269.89,4.75
2019-05-29,269.84,284.11,242.92,255.92,6.94
2019-05-30,257.22,269.7,248.72,266.65,6.01
2019-05-31,267.08,274.74,262.76,264.73,4.5
2019-06-01,264.9,273.01,264.9,269.22,3.96
2019-06-02,269.22,269.22,247.75,250.18,4.52
2019-06-03,250.04,250.04,235.61,241.5,5.78
2019-06-04,241.66,248.85,238.79,245.62,6.06
2019-06-05,245.74,250.44,238.61,248.93,6.13
2019-06-06,249.18,254.82,245.24,249.62,5.89
2019-06-07,249.57,250.65,242.98,244.67,5.07
2019-06-08,244.57,244.57,228.22,231.77,5.25
2019-06-09,231.68,248.06,231.68,247.3,5.73
2019-06-10,247.33,247.95,239.5,244.93,5.08
2019-06-11,244.97,262.29,244.97,261.96,6.15
2019-06-12,261.69,263.65,254.36,255.66,5.81
2019-06-13,256.03,266.23,256.03,263.39,5.96
2019-06-14,263.31,272.31,263.31,268.73,5.55
2019-06-15,268.76,276.31,264.3,268.71,6.65
2019-06-16,268.64,276.82,268.64,273.79,6.15
2019-06-17,273.84,273.84,262.34,264.94,5.94
2019-06-18,265.03,271.26,265.03,269.01,5.74
2019-06-19,269.13,275.0,266.97,271.87,6.01
2019-06-20,272.14,298.53,272.14,295.21,9.24
2019-06-21,295.5,315.9,293.78,309.79,9.99
2019-06-22,309.85,319.83,305.12,308.14,8.25
2019-06-23,308.23,315.04,300.41,310.97,8.03
2019-06-24,311.08,320.94,309.29,316.64,8.23
2019-06-25,316.74,359.41,316.63,335.49,13.37
2019-06-26,336.17,336.17,279.49,295.15,12.64
2019-06-27,295.54,319.01,295.54,309.17,9.98
2019-06-28,309.21,321.94,296.53,316.89,9.38
2019-06-29,316.67,316.67,286.36,290.96,8.92
2019-06-30,291.08,301.5,281.21,294.26,8.94
2019-07-01,294.25,299.92,277.82,291.76,8.8
2019-07-02,292.09,309.24,292.09,301.6,8.05
2019-07-03,301.91,301.91,281.28,283.71,7.32
2019-07-04,283.66,293.87,279.91,288.14,7.31
2019-07-05,287.86,296.17,285.74,288.94,6.19
2019-07-06,288.52,309.2,288.52,305.1,6.49
2019-07-07,305.12,318.78,304.6,313.16,8.04
2019-07-08,313.12,319.22,304.28,308.21,8.61
2019-07-09,308.14,308.43,280.25,288.54,9.52
2019-07-10,288.46,288.46,262.27,268.59,8.54
2019-07-11,268.45,280.16,268.45,275.16,7.6
2019-07-12,275.03,275.03,262.81,268.74,7.02
2019-07-13,268.9,268.9,224.48,227.37,8.15
2019-07-14,227.29,237.05,208.6,228.38,9.66
2019-07-15,228.44,228.44,192.91,199.93,8.1
2019-07-16,200.49,218.99,194.95,211.29,9.06
2019-07-17,211.33,230.89,211.24,225.94,8.52
2019-07-18,225.95,226.1,215.61,221.06,7.38
2019-07-19,221.16,234.58,221.16,228.78,7.45
2019-07-20,228.68,229.24,219.02,225.1,6.32
2019-07-21,225.23,225.36,213.46,217.1,31.46
2019-07-22,217.01,217.15,208.87,212.12,6.21
2019-07-23,211.95,217.91,202.97,216.22,6.22
2019-07-24,216.31,223.86,215.15,219.39,6.31
2019-07-25,219.13,220.54,214.12,218.96,5.45
2019-07-26,218.9,220.02,203.69,207.29,5.45
2019-07-27,207.29,212.89,201.26,211.0,4.88
2019-07-28,211.07,214.03,206.31,210.47,5.22
2019-07-29,210.52,213.7,206.1,209.91,5.22
2019-07-30,209.95,219.68,209.95,218.49,5.68
2019-07-31,218.45,220.59,212.81,217.18,5.22
2019-08-01,217.24,222.02,215.15,217.8,5.68
2019-08-02,217.89,224.84,217.69,222.0,5.31
2019-08-03,222.03,224.3,218.58,222.34,5.1
2019-08-04,222.46,236.88,222.46,232.99,6.82
2019-08-05,233.05,235.85,222.13,226.2,6.25
2019-08-06,226.13,232.37,222.55,226.14,5.82
2019-08-07,226.2,227.47,217.94,221.66,5.56
2019-08-08,221.71,221.71,207.94,210.59,5.83
2019-08-09,210.68,212.39,202.12,206.19,5.54
2019-08-10,206.11,216.94,206.11,215.82,5.43
2019-08-11,215.51,215.67,210.03,211.33,4.94
2019-08-12,211.4,212.06,203.08,208.63,7.14
2019-08-13,208.82,208.82,183.61,187.82,6.67
2019-08-14,188.65,193.84,177.81,188.09,6.61
2019-08-15,187.97,189.48,179.62,185.34,5.93
2019-08-16,185.39,187.14,182.15,185.47,4.53
2019-08-17,185.5,197.14,184.31,194.35,5.42
2019-08-18,194.29,204.19,194.29,202.41,5.58
2019-08-19,202.33,202.33,195.11,196.79,5.16
2019-08-20,196.81,196.81,181.63,187.16,6.14
2019-08-21,187.13,194.43,183.89,190.68,5.55
2019-08-22,190.49,196.49,189.55,194.23,4.92
2019-08-23,194.34,194.34,187.01,190.7,5.07
2019-08-24,190.66,191.9,184.27,186.9,4.66
2019-08-25,186.84,193.3,186.17,188.64,5.4
2019-08-26,188.6,189.36,184.79,187.34,4.75
2019-08-27,187.28,187.28,167.99,173.99,4.99
2019-08-28,174.51,174.51,164.5,168.98,5.51
2019-08-29,169.03,171.13,166.31,168.73,4.66
2019-08-30,168.62,173.76,166.26,171.36,4.45
2019-08-31,171.29,174.23,168.42,171.1,4.28
2019-09-01,171.15,181.26,171.15,178.16,5.32
2019-09-02,178.09,183.31,175.26,179.21,5.72
2019-09-03,179.23,180.23,173.88,175.11,4.88
2019-09-04,175.21,176.11,170.34,173.81,4.76
2019-09-05,173.88,176.0,166.18,169.64,5.48
2019-09-06,169.87,180.28,169.22,177.68,6.04
2019-09-07,177.63,183.94,176.65,181.63,5.31
2019-09-08,181.52,184.89,176.7,180.87,5.68
2019-09-09,180.87,183.14,177.18,179.89,4.94
2019-09-10,179.77,182.37,175.24,178.25,5.6
2019-09-11,178.21,182.51,177.79,180.77,5.53
2019-09-12,180.86,181.93,178.41,180.97,4.96
2019-09-13,181.12,188.61,180.03,188.21,5.36
2019-09-14,188.22,190.3,185.96,189.27,5.09
2019-09-15,189.36,199.45,188.91,197.11,6.5
2019-09-16,196.99,213.41,195.54,207.45,7.64
2019-09-17,207.24,217.01,207.17,210.86,7.75
2019-09-18,210.68,224.33,204.26,220.3,8.58
2019-09-19,219.94,221.75,212.45,218.13,6.88
2019-09-20,218.24,220.61,213.25,215.73,5.38
2019-09-21,215.66,216.04,206.63,211.36,6.03
2019-09-22,211.3,211.3,199.56,201.96,5.7
2019-09-23,201.32,201.32,154.41,167.42,8.36
2019-09-24,169.29,176.5,161.57,169.99,7.94
2019-09-25,170.05,170.5,154.96,165.86,6.42
2019-09-26,165.73,176.16,162.0,173.29,7.08
2019-09-27,173.26,176.37,168.82,173.56,5.69
2019-09-28,173.57,174.1,165.31,169.45,5.6
2019-09-29,169.52,181.4,167.54,181.01,6.37
2019-09-30,181.1,185.44,174.19,176.64,5.96
2019-10-01,176.75,181.6,175.1,180.41,5.12
2019-10-02,180.32,180.43,170.09,174.93,5.25
2019-10-03,175.02,178.83,171.83,176.0,5.08
2019-10-04,175.98,177.34,173.3,176.63,4.78
2019-10-05,176.71,176.71,168.73,170.86,4.79
2019-10-06,170.75,181.95,170.75,180.01,5.81
2019-10-07,180.02,184.4,177.92,180.81,5.75
2019-10-08,180.78,195.62,180.78,192.89,7.81
2019-10-09,192.77,194.61,188.06,191.76,7.24
2019-10-10,191.86,194.88,180.1,181.34,7.44
2019-10-11,181.5,184.85,178.48,180.38,6.19
2019-10-12,180.31,184.01,179.0,181.46,5.23
2019-10-13,181.36,187.06,181.05,186.19,5.97
2019-10-14,186.51,187.35,177.98,180.99,5.71
2019-10-15,181.05,181.05,172.73,174.62,5.82
2019-10-16,174.6,178.76,173.56,177.29,5.58
2019-10-17,177.46,177.46,169.81,173.21,5.84
2019-10-18,173.29,175.29,170.53,172.48,4.73
2019-10-19,172.45,176.87,170.76,175.45,5.27
2019-10-20,175.33,177.8,172.27,174.24,5.46
2019-10-21,174.25,174.39,170.27,171.75,5.56
2019-10-22,171.65,171.65,154.46,162.34,7.22
2019-10-23,162.28,163.83,158.53,161.07,6.41
2019-10-24,160.96,187.53,160.96,181.44,8.82
2019-10-25,181.44,196.96,174.67,180.24,13.04
2019-10-26,180.2,188.29,178.32,184.17,10.23
2019-10-27,184.22,187.67,180.14,182.17,10.34
2019-10-28,182.13,192.28,182.13,190.29,9.85
2019-10-29,190.17,191.06,180.82,183.42,9.52
2019-10-30,183.55,185.36,178.69,182.52,9.05
2019-10-31,182.48,184.89,178.86,182.75,8.68
2019-11-01,182.76,185.45,181.41,183.61,7.63
2019-11-02,183.56,184.6,180.05,181.79,7.71
2019-11-03,181.82,188.81,181.82,186.37,8.99
2019-11-04,186.27,191.84,182.99,189.21,9.35
2019-11-05,189.18,194.25,188.19,191.12,9.69
2019-11-06,191.18,191.3,185.15,186.5,8.6
2019-11-07,186.5,187.08,180.45,183.7,8.54
2019-11-08,183.65,185.79,182.88,184.61,6.94
2019-11-09,184.76,192.19,184.76,188.89,7.86
2019-11-10,188.71,189.85,183.76,185.04,7.55
2019-11-11,184.99,188.26,183.55,186.72,7.25
2019-11-12,186.69,189.4,185.18,187.72,6.76
2019-11-13,187.87,188.65,183.46,184.7,7.32
2019-11-14,184.76,185.36,177.84,180.01,8.82
2019-11-15,180.14,183.43,179.71,182.6,6.84
2019-11-16,182.57,185.8,180.9,184.14,6.62
2019-11-17,183.99,183.99,175.79,178.41,7.14
2019-11-18,178.5,178.65,173.38,175.87,7.23
2019-11-19,175.87,177.09,173.51,174.89,6.59
2019-11-20,174.95,174.95,158.0,161.28,7.83
2019-11-21,161.27,161.32,140.67,150.02,12.1
2019-11-22,149.9,154.78,147.51,152.43,8.83
2019-11-23,152.53,152.53,140.2,141.13,6.74
2019-11-24,140.56,151.45,134.23,146.35,10.37
2019-11-25,146.89,150.25,144.66,147.6,7.72
2019-11-26,147.71,155.5,143.73,152.83,8.11
2019-11-27,152.77,154.53,149.45,151.67,7.01
2019-11-28,151.59,158.17,151.51,155.37,6.91
2019-11-29,155.34,155.34,150.25,151.86,6.06
2019-11-30,151.92,153.45,146.92,151.14,6.82
2019-12-01,151.09,151.73,147.49,148.97,5.73
2019-12-02,149.0,149.7,146.45,147.63,5.34
2019-12-03,147.73,150.79,143.08,146.12,6.75
2019-12-04,146.06,149.54,144.76,148.17,6.19
2019-12-05,148.31,150.44,147.23,148.89,5.74
2019-12-06,148.83,149.26,147.35,147.7,5.32
2019-12-07,147.78,152.13,147.15,150.85,5.6
2019-12-08,150.77,150.77,146.54,147.58,6.08
2019-12-09,147.51,147.53,144.16,145.54,6.2
2019-12-10,145.6,146.01,142.56,143.39,5.81
2019-12-11,143.46,145.47,140.14,144.71,6.6
2019-12-12,144.87,145.87,143.59,145.04,5.9
2019-12-13,144.91,144.91,141.16,141.96,6.1
2019-12-14,142.02,143.82,140.66,142.74,6.02
2019-12-15,142.72,142.72,131.0,133.72,7.37
2019-12-16,133.84,133.84,121.43,122.83,9.83
2019-12-17,123.04,134.38,120.1,132.52,11.73
2019-12-18,132.28,133.4,126.02,128.09,9.51
2019-12-19,128.23,129.42,126.71,128.38,7.07
2019-12-20,128.48,128.48,127.04,127.37,5.87
2019-12-21,127.33,133.68,127.33,132.33,6.99
2019-12-22,132.19,133.77,126.95,128.63,7.68
2019-12-23,128.95,130.42,126.78,127.89,7.0
2019-12-24,127.84,127.84,123.74,125.07,6.79
2019-12-25,125.14,130.41,124.66,125.84,6.84
2019-12-26,125.82,127.84,123.5,126.33,7.21
2019-12-27,126.41,129.1,126.22,128.04,6.49
2019-12-28,127.98,136.26,127.98,133.99,7.55
2019-12-29,133.82,135.31,130.01,131.13,8.53
2019-12-30,131.25,132.81,128.46,129.19,6.95
2019-12-31,129.33,132.6,128.94,130.85,6.37
2020-01-01,130.78,130.78,126.61,127.44,6.34
2020-01-02,127.36,134.78,127.36,134.14,8.57
2020-01-03,134.08,135.31,132.87,134.1,6.98
2020-01-04,134.18,137.55,134.01,135.63,6.97
2020-01-05,135.56,144.49,135.56,143.62,8.87
2020-01-06,143.6,146.67,140.21,142.65,8.96
2020-01-07,142.63,146.08,137.4,140.63,9.46
2020-01-08,140.64,140.72,135.86,137.8,7.72
2020-01-09,137.81,144.82,137.27,144.39,8.8
2020-01-10,144.42,146.58,141.63,142.62,9.48
2020-01-11,142.62,146.62,142.62,146.01,8.83
2020-01-12,146.11,146.28,142.49,143.46,7.98
2020-01-13,143.5,168.63,143.5,164.27,15.49
2020-01-14,163.57,171.02,159.23,165.53,16.58
2020-01-15,165.72,166.34,159.83,163.89,12.59
2020-01-16,163.98,173.46,163.13,169.48,15.08
2020-01-17,169.35,178.89,165.75,174.17,15.53
2020-01-18,174.13,175.97,162.41,166.49,14.43
2020-01-19,166.5,168.39,161.91,166.69,10.77
2020-01-20,166.7,170.01,166.02,169.32,9.14
2020-01-21,169.22,170.67,165.97,167.95,8.67
2020-01-22,167.95,167.95,159.93,162.77,8.94
2020-01-23,162.74,164.15,156.59,162.63,9.52
2020-01-24,162.65,162.65,158.09,160.52,7.4
2020-01-25,160.45,167.48,160.45,167.3,8.11
2020-01-26,167.15,172.04,165.97,169.96,10.32
2020-01-27,169.95,176.94,169.95,175.69,11.04
2020-01-28,175.7,177.83,173.28,174.1,9.71
2020-01-29,173.89,185.21,172.6,183.63,11.25
2020-01-30,183.13,184.82,175.83,179.91,12.0
2020-01-31,180.1,184.13,179.67,183.37,10.94
2020-02-01,183.33,192.51,180.04,188.98,13.85
2020-02-02,188.97,193.91,187.09,189.49,12.08
2020-02-03,189.32,190.8,184.99,188.67,10.49
2020-02-04,188.63,206.0,188.63,203.27,13.46
2020-02-05,203.23,215.45,202.54,212.9,16.28
2020-02-06,212.88,223.93,212.88,222.86,17.73
2020-02-07,222.73,227.65,215.2,223.66,16.79
2020-02-08,223.56,230.61,223.56,228.32,14.83
2020-02-09,228.36,228.36,218.0,223.25,16.03
2020-02-10,223.13,238.27,221.9,236.56,17.44
2020-02-11,236.83,272.94,236.83,265.07,26.96
2020-02-12,265.05,276.36,256.55,268.78,29.18
2020-02-13,268.79,285.38,263.27,284.08,25.66
2020-02-14,284.26,284.58,263.52,266.22,25.74
2020-02-15,265.94,273.4,241.44,259.51,26.49
2020-02-16,259.57,267.85,241.93,266.82,29.35
2020-02-17,266.78,286.21,263.31,282.5,30.17
2020-02-18,282.44,282.44,255.37,260.83,23.86
2020-02-19,260.82,266.2,247.44,257.52,26.35
2020-02-20,257.34,267.84,254.43,265.17,20.48
2020-02-21,265.39,266.64,257.83,262.1,15.5
2020-02-22,262.04,275.8,262.04,274.76,19.87
2020-02-23,274.91,275.19,259.0,265.88,22.31
2020-02-24,265.86,265.86,245.78,247.23,23.05
2020-02-25,247.11,247.11,217.51,224.11,27.11
2020-02-26,224.15,236.81,211.65,227.76,28.12
2020-02-27,228.18,234.39,215.91,227.26,24.56
2020-02-28,227.38,231.24,218.33,218.91,20.63
2020-02-29,218.58,226.49,213.72,218.33,19.72
2020-03-01,218.2,233.82,218.2,231.59,23.19
2020-03-02,231.95,231.97,221.45,224.27,22.77
2020-03-03,224.36,228.73,221.56,224.58,17.81
2020-03-04,224.38,233.91,224.38,229.05,19.12
2020-03-05,229.25,244.76,228.79,244.07,21.85
2020-03-06,244.5,249.35,236.42,238.59,19.91
2020-03-07,238.15,238.15,199.0,202.26,21.62
2020-03-08,201.11,209.39,191.78,202.8,24.89
2020-03-09,202.34,205.46,196.07,200.49,17.8
2020-03-10,200.57,203.42,183.97,194.38,17.34
2020-03-11,194.4,194.4,103.13,110.3,21.78
2020-03-12,110.7,143.71,95.24,136.2,32.96
2020-03-13,134.38,134.38,121.57,123.9,15.19
2020-03-14,123.54,132.28,120.6,124.16,13.84
2020-03-15,123.88,124.0,103.1,111.71,16.18
2020-03-16,111.83,121.17,110.73,116.5,12.65
2020-03-17,116.39,119.35,112.0,118.66,13.04
2020-03-18,118.65,142.39,118.65,136.87,17.54
2020-03-19,136.42,150.97,119.07,133.99,18.75
2020-03-20,134.49,137.76,126.26,133.07,14.14
2020-03-21,133.01,135.09,121.6,123.21,12.47
2020-03-22,123.01,137.79,122.02,135.84,15.17
2020-03-23,135.94,143.4,133.55,138.59,14.66
2020-03-24,138.67,141.93,133.52,136.25,13.79
2020-03-25,136.5,139.45,134.47,138.13,11.61
2020-03-26,138.52,138.8,130.37,131.91,11.49
2020-03-27,131.94,133.48,126.17,131.12,12.0
2020-03-28,131.15,131.15,124.02,125.12,10.12
2020-03-29,125.01,135.7,125.01,132.64,12.14
2020-03-30,132.39,134.78,131.12,133.03,11.05
2020-03-31,133.07,137.9,131.29,135.95,11.81
2020-04-01,135.97,148.02,135.63,141.44,15.72
2020-04-02,141.26,146.37,138.74,141.75,13.85
2020-04-03,141.64,145.99,140.18,144.32,11.11
2020-04-04,144.39,145.48,141.85,143.23,10.41
2020-04-05,143.08,170.9,143.08,170.81,22.5
2020-04-06,170.7,175.04,162.17,164.91,21.65
2020-04-07,165.27,174.4,164.76,172.99,17.26
2020-04-08,173.06,173.06,166.36,169.73,15.01
2020-04-09,169.84,169.84,153.07,157.84,17.84
2020-04-10,157.83,161.23,154.89,158.63,13.58
2020-04-11,158.63,164.08,155.98,159.26,14.79
2020-04-12,159.2,159.45,151.43,156.58,16.69
2020-04-13,156.6,161.19,155.87,158.73,14.27
2020-04-14,158.84,160.27,152.9,153.72,14.3
2020-04-15,153.18,174.84,151.35,172.73,23.23
2020-04-16,172.67,174.42,168.66,170.89,16.33
2020-04-17,170.96,188.81,170.96,187.44,19.8
2020-04-18,187.42,187.84,176.95,180.29,18.79
2020-04-19,180.24,185.0,168.04,171.33,24.26
2020-04-20,171.59,175.14,168.88,171.15,23.64
2020-04-21,171.05,183.82,171.05,183.05,21.89
2020-04-22,182.95,193.5,179.73,185.97,21.81
2020-04-23,186.11,189.51,185.34,187.68,18.66
2020-04-24,187.82,197.57,186.65,194.33,19.67
2020-04-25,194.3,199.75,193.43,197.4,19.75
2020-04-26,197.42,199.08,191.09,196.17,19.17
2020-04-27,196.24,197.78,193.37,196.68,18.73
2020-04-28,196.7,219.46,196.7,215.11,25.22
2020-04-29,215.32,224.7,202.43,206.14,27.77
2020-04-30,206.51,216.54,206.51,211.92,20.57
2020-05-01,212.06,215.64,211.76,214.25,16.48
2020-05-02,214.23,218.31,206.27,210.32,18.52
2020-05-03,210.0,210.41,197.03,206.67,21.07
2020-05-04,206.66,211.32,202.75,205.57,17.73
2020-05-05,205.42,210.57,199.39,200.3,18.54
2020-05-06,199.85,215.56,199.85,211.84,21.99
2020-05-07,211.85,215.71,207.37,211.48,21.89
2020-05-08,211.71,213.8,208.39,210.57,17.11
2020-05-09,210.58,210.58,181.99,188.13,23.92
2020-05-10,187.9,192.36,177.73,186.19,19.45
2020-05-11,186.17,191.98,185.66,190.08,15.44
2020-05-12,190.16,201.03,190.16,199.94,16.06
2020-05-13,199.73,206.55,196.85,203.26,17.72
2020-05-14,203.27,203.27,192.45,195.02,14.81
2020-05-15,195.06,202.66,193.66,200.52,14.25
2020-05-16,200.51,209.26,200.15,207.05,15.47
2020-05-17,207.04,216.48,206.63,214.04,16.81
2020-05-18,214.31,215.89,211.24,214.26,14.74
2020-05-19,214.33,214.5,205.83,209.5,13.92
2020-05-20,209.71,209.76,193.88,198.83,14.67
2020-05-21,198.74,208.62,197.48,207.26,13.87
2020-05-22,207.04,210.41,205.67,206.84,11.9
2020-05-23,206.75,208.64,199.53,200.39,12.27
2020-05-24,200.36,205.91,199.63,203.88,12.69
2020-05-25,204.02,204.39,197.45,200.33,10.77
2020-05-26,200.71,208.58,200.71,207.99,10.83
2020-05-27,208.11,219.41,206.2,219.32,12.84
2020-05-28,219.33,224.13,216.89,220.5,13.95
2020-05-29,220.58,245.96,220.46,242.71,18.11
2020-05-30,242.57,244.12,230.4,231.79,14.0
2020-05-31,231.77,249.99,231.77,246.43,15.9
2020-06-01,247.23,250.89,226.14,237.15,17.72
2020-06-02,237.17,244.27,234.36,243.71,13.36
2020-06-03,244.0,246.68,236.8,243.12,14.02
2020-06-04,243.5,246.87,239.27,240.48,11.17
2020-06-05,240.4,244.37,238.84,242.15,9.19
2020-06-06,242.1,245.0,236.33,243.91,13.23
2020-06-07,243.81,247.17,240.5,245.98,9.64
2020-06-08,246.15,249.39,239.54,243.92,9.54
2020-06-09,244.01,249.37,242.45,247.35,12.91
2020-06-10,247.53,247.61,227.94,231.59,13.54
2020-06-11,231.65,239.46,229.3,237.55,10.87
2020-06-12,237.5,238.77,235.32,238.1,13.78
2020-06-13,238.22,238.22,230.62,232.06,8.89
2020-06-14,231.91,233.53,220.23,230.38,12.07
2020-06-15,230.86,236.25,229.78,235.67,9.51
2020-06-16,235.3,236.8,229.59,233.86,9.41
2020-06-17,233.74,234.47,228.82,231.63,8.09
2020-06-18,231.21,231.21,226.8,228.99,8.32
2020-06-19,229.02,231.04,226.69,228.99,7.74
2020-06-20,229.03,230.71,227.23,228.27,7.25
2020-06-21,228.13,246.37,228.13,242.91,10.96
2020-06-22,243.37,244.77,241.08,243.11,12.04
2020-06-23,243.17,247.27,231.42,234.52,11.4
2020-06-24,234.45,235.25,228.67,232.65,9.29
2020-06-25,232.52,233.19,228.3,229.72,9.11
2020-06-26,229.68,230.26,216.82,221.13,8.65
2020-06-27,221.23,227.7,218.95,225.05,7.69
2020-06-28,225.02,229.61,221.99,227.75,8.08
2020-06-29,227.85,228.59,223.45,225.82,7.52
2020-06-30,225.71,232.39,224.91,230.97,7.74
2020-07-01,231.12,231.43,223.76,226.72,10.71
2020-07-02,226.67,228.05,224.62,225.25,6.56
2020-07-03,225.13,230.45,225.13,229.24,7.18
2020-07-04,229.24,229.66,224.09,227.73,6.59
2020-07-05,227.74,241.68,227.74,241.55,10.32
2020-07-06,241.66,243.19,235.02,239.67,8.31
2020-07-07,239.58,248.78,239.27,247.03,10.34
2020-07-08,247.16,247.16,238.98,242.36,7.99
2020-07-09,242.22,242.46,237.23,241.39,6.53
2020-07-10,241.53,241.53,238.3,239.5,6.28
2020-07-11,239.45,243.79,237.5,242.86,6.95
2020-07-12,242.9,244.59,237.8,239.68,8.27
2020-07-13,239.72,241.79,237.34,240.33,8.18
2020-07-14,240.61,240.91,237.09,238.54,7.82
2020-07-15,238.63,239.08,230.63,233.85,8.91
2020-07-16,233.74,234.77,232.02,232.82,5.55
2020-07-17,233.01,236.92,233.01,236.09,6.14
2020-07-18,236.03,239.82,234.24,239.35,5.85
2020-07-19,239.37,239.56,234.59,236.37,6.37
2020-07-20,236.44,246.67,236.44,245.69,7.28
2020-07-21,245.91,268.95,243.67,263.95,8.89
2020-07-22,263.85,279.98,260.67,275.44,11.37
2020-07-23,275.41,286.68,268.45,279.5,10.65
2020-07-24,279.8,308.42,279.8,305.33,13.56
2020-07-25,305.11,320.27,299.94,311.33,14.89
2020-07-26,311.35,338.61,311.35,321.81,18.12
2020-07-27,322.39,326.13,308.03,317.7,14.43
2020-07-28,317.43,325.24,313.67,318.04,11.89
2020-07-29,318.22,341.14,315.53,334.8,12.5
2020-07-30,335.03,350.5,331.6,347.31,13.57
2020-07-31,346.95,392.28,346.84,386.6,18.15
2020-08-01,386.64,409.68,328.24,372.31,24.2
2020-08-02,372.47,397.54,369.2,386.5,16.89
2020-08-03,386.5,401.18,381.35,389.64,15.66
2020-08-04,390.03,407.62,387.2,400.71,13.8
2020-08-05,400.97,404.0,391.85,395.35,12.23
2020-08-06,395.01,397.42,365.83,380.34,19.19
2020-08-07,379.83,396.83,377.49,396.77,11.74
2020-08-08,397.02,399.49,384.97,390.38,12.03
2020-08-09,390.41,399.63,387.72,396.06,13.97
2020-08-10,395.67,395.67,368.46,378.88,14.04
2020-08-11,378.99,389.3,369.36,387.49,13.77
2020-08-12,387.67,430.38,381.14,424.32,19.46
2020-08-13,424.29,444.03,418.21,438.48,17.07
2020-08-14,438.71,444.63,427.41,432.89,13.8
2020-08-15,432.94,437.29,414.91,433.86,13.96
2020-08-16,433.92,446.41,423.0,431.58,14.98
2020-08-17,431.64,431.91,415.14,421.85,13.05
2020-08-18,422.55,425.85,396.23,408.86,14.54
2020-08-19,408.21,419.01,404.15,416.45,12.54
2020-08-20,416.47,416.64,386.27,388.99,14.26
2020-08-21,388.56,397.63,382.07,395.65,12.03
2020-08-22,397.59,397.59,385.12,391.23,9.63
2020-08-23,391.34,410.33,388.72,407.95,11.9
2020-08-24,407.89,407.89,371.31,383.51,14.52
2020-08-25,383.55,392.79,379.02,386.39,12.0
2020-08-26,386.35,395.46,373.55,383.78,11.82
2020-08-27,383.71,397.22,381.4,394.92,10.68
2020-08-28,395.75,405.57,392.86,399.4,10.48
2020-08-29,399.5,430.29,399.5,428.89,13.72
2020-08-30,428.85,438.66,419.54,434.61,15.12
2020-08-31,434.81,487.0,433.79,475.69,19.7
2020-09-01,475.74,477.65,423.81,440.94,21.92
2020-09-02,439.95,441.84,375.92,383.01,21.62
2020-09-03,382.95,399.71,362.87,386.53,19.12
2020-09-04,386.4,390.82,312.91,336.2,29.18
2020-09-05,336.74,359.89,319.64,353.54,27.78
2020-09-06,353.37,359.57,327.74,354.31,21.58
2020-09-07,353.87,355.02,328.77,338.3,17.48
2020-09-08,338.06,357.59,333.63,351.32,15.22
2020-09-09,351.41,376.07,351.41,368.32,18.37
2020-09-10,368.42,374.92,358.24,374.12,16.14
2020-09-11,374.1,387.63,367.34,387.63,14.81
2020-09-12,387.68,387.86,355.65,366.64,15.89
2020-09-13,366.9,383.36,360.27,377.57,17.65
2020-09-14,377.68,381.77,363.6,364.63,15.39
2020-09-15,364.48,372.76,357.91,365.97,15.46
2020-09-16,365.81,393.6,365.01,389.65,19.3
2020-09-17,389.54,392.2,377.71,384.83,14.42
2020-09-18,384.66,388.7,379.12,385.5,11.87
2020-09-19,385.55,385.55,366.86,371.2,12.37
2020-09-20,371.34,373.08,333.8,341.29,16.93
2020-09-21,340.84,347.55,337.42,344.86,13.15
2020-09-22,344.55,344.55,315.67,321.44,11.88
2020-09-23,321.37,352.47,320.19,349.12,14.15
2020-09-24,349.45,358.23,339.65,352.97,12.97
2020-09-25,352.46,356.5,347.27,354.47,10.94
2020-09-26,354.51,362.33,349.41,358.21,11.5
2020-09-27,358.26,366.88,352.22,354.51,11.54
2020-09-28,354.34,360.58,352.01,359.9,11.05
2020-09-29,360.18,361.26,352.9,360.02,9.95
2020-09-30,360.3,367.91,347.81,353.52,12.26
2020-10-01,353.58,354.19,336.89,346.31,12.99
2020-10-02,346.59,351.14,345.32,347.1,8.52
2020-10-03,347.0,353.83,345.6,352.52,8.16
2020-10-04,352.67,356.14,349.69,353.57,8.56
2020-10-05,353.98,353.98,340.33,341.42,10.28
2020-10-06,341.0,342.74,334.1,341.54,9.87
2020-10-07,341.88,353.08,337.29,351.38,10.45
2020-10-08,351.23,367.5,348.63,365.01,11.06
2020-10-09,365.61,377.96,365.61,370.99,10.82
2020-10-10,370.97,377.43,370.05,374.6,9.29
2020-10-11,374.43,393.43,368.36,386.86,12.6
2020-10-12,386.79,387.85,376.16,381.82,11.61
2020-10-13,381.39,387.19,374.32,379.12,11.11
2020-10-14,379.15,382.32,372.0,378.15,11.28
2020-10-15,378.0,378.55,362.55,365.91,11.17
2020-10-16,365.98,370.31,364.45,368.64,7.7
2020-10-17,368.66,378.73,368.66,378.51,7.77
2020-10-18,378.52,384.31,373.84,379.3,8.91
2020-10-19,379.82,381.06,366.81,368.83,10.67
2020-10-20,369.21,399.82,369.21,390.89,14.37
2020-10-21,391.05,419.97,391.05,414.78,12.86
2020-10-22,414.26,418.36,402.88,409.22,10.64
2020-10-23,409.47,416.9,408.1,412.42,8.83
2020-10-24,412.26,416.46,403.89,406.26,8.51
2020-10-25,406.19,409.55,387.92,393.58,11.38
2020-10-26,393.22,410.82,393.07,404.29,10.33
2020-10-27,403.89,406.65,382.83,389.22,11.61
2020-10-28,388.58,394.37,382.72,387.75,9.8
2020-10-29,387.54,391.9,376.05,383.04,12.11
2020-10-30,382.97,393.34,381.93,386.72,8.3
2020-10-31,386.62,397.32,385.38,396.33,8.18
2020-11-01,396.32,403.31,379.77,383.7,10.34
2020-11-02,383.33,390.36,373.89,387.24,9.18
2020-11-03,388.05,407.56,380.25,402.68,11.48
2020-11-04,402.68,424.34,400.24,416.45,14.25
2020-11-05,417.15,456.65,416.68,455.58,18.5
2020-11-06,455.61,463.6,426.21,435.87,16.68
2020-11-07,435.92,458.85,435.65,454.01,11.47
2020-11-08,454.52,456.75,435.36,443.74,12.34
2020-11-09,444.72,455.1,440.67,451.23,11.05
2020-11-10,450.89,474.65,450.89,462.74,12.72
2020-11-11,463.96,471.69,453.69,462.31,11.94
2020-11-12,462.91,477.32,458.37,476.25,12.09
2020-11-13,476.44,476.44,454.62,461.16,9.79
2020-11-14,461.25,462.28,442.58,448.79,9.1
2020-11-15,449.02,466.53,448.91,460.89,10.55
2020-11-16,460.83,485.73,460.83,482.1,13.74
2020-11-17,482.09,493.75,459.93,478.51,16.65
2020-11-18,478.58,480.59,465.99,471.52,83.17
2020-11-19,472.18,514.88,472.18,510.4,17.09
2020-11-20,510.2,550.67,503.78,550.61,18.85
2020-11-21,550.43,578.0,515.47,559.62,22.49
2020-11-22,559.74,611.07,553.52,609.79,25.11
2020-11-23,608.31,626.52,590.28,605.06,22.97
2020-11-24,604.62,604.62,555.12,568.53,18.14
2020-11-25,569.95,569.95,484.8,520.21,28.65
2020-11-26,520.58,529.87,495.91,518.25,15.38
2020-11-27,518.97,547.36,511.09,538.31,12.78
2020-11-28,538.33,576.51,534.61,576.23,13.3
2020-11-29,576.5,618.8,575.09,615.85,20.61
2020-11-30,615.57,630.94,562.84,585.74,23.94
2020-12-01,587.02,605.0,577.78,597.06,16.67
2020-12-02,597.39,621.49,588.7,614.62,14.51
2020-12-03,615.28,615.6,567.81,568.57,14.47
2020-12-04,568.71,597.31,565.37,597.21,11.95
2020-12-05,597.3,607.83,586.45,602.09,10.76
2020-12-06,602.02,602.02,585.87,591.58,9.92
2020-12-07,591.54,591.54,550.61,555.55,12.68
2020-12-08,555.61,578.48,534.79,573.84,16.05
2020-12-09,573.41,573.99,549.57,558.71,11.82
2020-12-10,559.24,559.86,537.28,545.02,12.44
2020-12-11,545.19,573.86,545.19,568.44,10.0
2020-12-12,568.37,593.69,565.13,590.09,11.15
2020-12-13,590.09,591.79,577.7,586.52,10.57
2020-12-14,586.21,596.66,579.33,589.2,10.25
2020-12-15,589.59,638.71,587.48,636.28,16.51
2020-12-16,636.34,676.08,626.18,642.26,25.64
2020-12-17,643.67,664.81,632.44,653.82,17.13
2020-12-18,654.3,671.37,647.71,658.68,14.98
2020-12-19,658.52,660.37,624.11,638.92,14.4
2020-12-20,638.51,643.92,598.17,608.61,16.06
2020-12-21,608.54,638.07,594.7,636.93,16.01
2020-12-22,636.18,636.18,556.35,586.05,19.36
2020-12-23,586.31,613.76,569.32,611.47,16.24
2020-12-24,612.05,634.88,606.81,626.46,15.07
2020-12-25,626.63,654.74,619.41,637.13,17.11
2020-12-26,637.48,708.76,622.8,684.75,28.34
2020-12-27,684.21,745.9,684.04,729.18,27.67
2020-12-28,729.95,739.16,693.2,730.57,20.56
2020-12-29,731.37,759.72,721.43,751.28,19.37
2020-12-30,751.76,755.81,725.26,737.49,17.82
2020-12-31,736.94,749.07,718.98,730.53,15.22
2021-01-01,730.41,788.12,721.08,774.19,23.98
2021-01-02,773.74,1000.0,769.88,972.69,52.54
2021-01-03,973.66,1153.0,896.83,1042.0,73.49
2021-01-04,1042.0,1138.0,989.04,1100.0,53.18
2021-01-05,1102.0,1218.0,1072.0,1209.0,55.56
2021-01-06,1210.0,1292.0,1154.0,1228.0,51.48
2021-01-07,1226.0,1272.0,1084.0,1219.0,54.02
2021-01-08,1219.0,1300.0,1176.0,1277.0,43.26
2021-01-09,1277.0,1339.0,1171.0,1253.0,51.08
2021-01-10,1254.0,1254.0,936.34,1090.0,75.46
2021-01-11,1087.0,1143.0,1010.0,1050.0,44.51
2021-01-12,1051.0,1138.0,1003.0,1129.0,35.51
2021-01-13,1129.0,1241.0,1096.0,1229.0,39.16
2021-01-14,1230.0,1249.0,1083.0,1172.0,42.82
2021-01-15,1169.0,1287.0,1153.0,1229.0,42.43
2021-01-16,1229.0,1266.0,1173.0,1233.0,38.74
2021-01-17,1233.0,1262.0,1190.0,1260.0,34.7
2021-01-18,1260.0,1430.0,1253.0,1367.0,59.99
2021-01-19,1368.0,1404.0,1244.0,1376.0,58.51
2021-01-20,1377.0,1377.0,1093.0,1112.0,52.69
2021-01-21,1113.0,1271.0,1060.0,1235.0,53.08
2021-01-22,1234.0,1270.0,1199.0,1235.0,33.8
2021-01-23,1235.0,1397.0,1228.0,1393.0,44.49
2021-01-24,1393.0,1469.0,1300.0,1320.0,49.67
2021-01-25,1320.0,1376.0,1251.0,1365.0,45.88
2021-01-26,1367.0,1367.0,1215.0,1244.0,43.36
2021-01-27,1243.0,1366.0,1236.0,1330.0,37.83
2021-01-28,1331.0,1425.0,1283.0,1379.0,55.33
2021-01-29,1379.0,1401.0,1330.0,1377.0,33.45
2021-01-30,1377.0,1377.0,1289.0,1314.0,27.74
2021-01-31,1313.0,1376.0,1277.0,1374.0,32.06
2021-02-01,1375.0,1544.0,1375.0,1513.0,49.38
2021-02-02,1512.0,1666.0,1512.0,1662.0,47.74
2021-02-03,1663.0,1690.0,1564.0,1599.0,45.89
2021-02-04,1598.0,1758.0,1598.0,1718.0,44.5
2021-02-05,1721.0,1749.0,1639.0,1678.0,43.16
2021-02-06,1678.0,1690.0,1508.0,1615.0,44.62
2021-02-07,1615.0,1807.0,1605.0,1751.0,51.67
2021-02-08,1750.0,1815.0,1717.0,1770.0,47.53
2021-02-09,1772.0,1824.0,1693.0,1744.0,45.64
2021-02-10,1744.0,1826.0,1722.0,1787.0,37.47
2021-02-11,1788.0,1863.0,1748.0,1844.0,40.54
2021-02-12,1844.0,1869.0,1777.0,1819.0,37.67
2021-02-13,1820.0,1858.0,1792.0,1806.0,33.56
2021-02-14,1806.0,1831.0,1676.0,1781.0,41.71
2021-02-15,1783.0,1830.0,1736.0,1785.0,37.19
2021-02-16,1784.0,1860.0,1763.0,1852.0,36.65
2021-02-17,1852.0,1945.0,1852.0,1939.0,38.17
2021-02-18,1941.0,1989.0,1941.0,1957.0,38.75
2021-02-19,1958.0,2031.0,1829.0,1918.0,48.3
2021-02-20,1919.0,1977.0,1897.0,1934.0,37.75
2021-02-21,1935.0,1935.0,1554.0,1779.0,59.81
2021-02-22,1780.0,1780.0,1383.0,1581.0,71.45
2021-02-23,1580.0,1706.0,1520.0,1628.0,46.19
2021-02-24,1628.0,1658.0,1472.0,1491.0,36.32
2021-02-25,1487.0,1557.0,1414.0,1450.0,42.16
2021-02-26,1448.0,1525.0,1431.0,1461.0,32.72
2021-02-27,1461.0,1463.0,1309.0,1422.0,41.65
2021-02-28,1423.0,1571.0,1423.0,1570.0,36.68
2021-03-01,1571.0,1597.0,1467.0,1492.0,46.89
2021-03-02,1492.0,1649.0,1492.0,1572.0,50.34
2021-03-03,1569.0,1618.0,1513.0,1544.0,52.5
2021-03-04,1541.0,1551.0,1455.0,1531.0,51.41
2021-03-05,1530.0,1671.0,1520.0,1651.0,53.77
2021-03-06,1651.0,1732.0,1635.0,1724.0,50.53
2021-03-07,1725.0,1843.0,1686.0,1836.0,59.41
2021-03-08,1828.0,1870.0,1810.0,1864.0,55.11
2021-03-09,1869.0,1877.0,1762.0,1795.0,42.4
2021-03-10,1799.0,1845.0,1744.0,1825.0,37.01
2021-03-11,1827.0,1839.0,1732.0,1772.0,37.27
2021-03-12,1768.0,1935.0,1751.0,1916.0,36.61
2021-03-13,1916.0,1920.0,1836.0,1849.0,30.52
2021-03-14,1849.0,1881.0,1737.0,1799.0,40.02
2021-03-15,1798.0,1826.0,1731.0,1806.0,36.97
2021-03-16,1807.0,1856.0,1748.0,1822.0,34.82
2021-03-17,1824.0,1845.0,1749.0,1778.0,31.91
2021-03-18,1779.0,1838.0,1739.0,1812.0,30.36
2021-03-19,1815.0,1865.0,1806.0,1812.0,29.94
2021-03-20,1813.0,1827.0,1769.0,1796.0,31.24
2021-03-21,1780.0,1780.0,1651.0,1680.0,32.33
2021-03-22,1686.0,1722.0,1662.0,1675.0,31.13
2021-03-23,1670.0,1695.0,1553.0,1587.0,41.28
2021-03-24,1587.0,1619.0,1536.0,1590.0,40.89
2021-03-25,1590.0,1706.0,1590.0,1700.0,31.32
2021-03-26,1697.0,1730.0,1677.0,1710.0,25.33
2021-03-27,1711.0,1717.0,1672.0,1686.0,23.0
2021-03-28,1686.0,1832.0,1686.0,1816.0,32.21
2021-03-29,1813.0,1861.0,1803.0,1843.0,31.19
2021-03-30,1841.0,1941.0,1795.0,1920.0,41.61
2021-03-31,1922.0,1981.0,1876.0,1969.0,42.59
2021-04-01,1972.0,2141.0,1958.0,2136.0,47.7
2021-04-02,2135.0,2135.0,2003.0,2017.0,43.58
2021-04-03,2017.0,2095.0,2008.0,2080.0,35.83
2021-04-04,2080.0,2131.0,2037.0,2110.0,40.66
2021-04-05,2115.0,2146.0,2062.0,2117.0,40.76
2021-04-06,2118.0,2118.0,1944.0,1970.0,49.99
2021-04-07,1970.0,2084.0,1970.0,2082.0,35.13
2021-04-08,2084.0,2105.0,2061.0,2073.0,28.23
2021-04-09,2071.0,2191.0,2071.0,2136.0,36.19
2021-04-10,2137.0,2166.0,2127.0,2155.0,28.51
2021-04-11,2154.0,2184.0,2120.0,2139.0,31.39
2021-04-12,2140.0,2309.0,2140.0,2300.0,41.0
2021-04-13,2302.0,2442.0,2287.0,2433.0,51.47
2021-04-14,2435.0,2541.0,2401.0,2517.0,46.03
2021-04-15,2518.0,2529.0,2320.0,2429.0,51.77
2021-04-16,2429.0,2485.0,2322.0,2325.0,52.58
2021-04-17,2326.0,2334.0,1966.0,2244.0,97.91
2021-04-18,2244.0,2276.0,2094.0,2165.0,56.84
2021-04-19,2168.0,2347.0,2078.0,2336.0,68.82
2021-04-20,2335.0,2457.0,2241.0,2364.0,67.8
2021-04-21,2363.0,2625.0,2306.0,2404.0,98.58
2021-04-22,2403.0,2434.0,2119.0,2365.0,110.71
2021-04-23,2364.0,2364.0,2165.0,2215.0,57.92
2021-04-24,2216.0,2353.0,2167.0,2322.0,56.46
2021-04-25,2322.0,2545.0,2322.0,2532.0,64.61
2021-04-26,2534.0,2679.0,2503.0,2668.0,54.61
2021-04-27,2670.0,2756.0,2566.0,2746.0,65.88
2021-04-28,2750.0,2796.0,2674.0,2762.0,58.06
2021-04-29,2761.0,2841.0,2740.0,2779.0,50.16
2021-04-30,2774.0,2953.0,2756.0,2947.0,52.02
2021-05-01,2946.0,2985.0,2864.0,2953.0,51.37
2021-05-02,2954.0,3450.0,2954.0,3432.0,97.84
2021-05-03,3435.0,3518.0,3172.0,3250.0,124.0
2021-05-04,3247.0,3548.0,3221.0,3524.0,95.06
2021-05-05,3527.0,3599.0,3381.0,3491.0,82.81
2021-05-06,3495.0,3583.0,3376.0,3484.0,68.56
2021-05-07,3491.0,4025.0,3480.0,3921.0,90.29
2021-05-08,3920.0,3993.0,3752.0,3934.0,90.99
2021-05-09,3934.0,4200.0,3681.0,3961.0,123.84
2021-05-10,3960.0,4183.0,3804.0,4180.0,97.58
2021-05-11,4181.0,4331.0,3744.0,3853.0,126.81
2021-05-12,3842.0,4032.0,3558.0,3728.0,148.67
2021-05-13,3727.0,4160.0,3709.0,4080.0,90.48
2021-05-14,4086.0,4113.0,3654.0,3658.0,81.59
2021-05-15,3656.0,3867.0,3370.0,3587.0,98.17
2021-05-16,3587.0,3587.0,3134.0,3284.0,113.77
2021-05-17,3288.0,3555.0,3243.0,3375.0,86.02
2021-05-18,3382.0,3382.0,1904.0,2459.0,172.7
2021-05-19,2458.0,2969.0,2209.0,2777.0,130.03
2021-05-20,2781.0,2906.0,2148.0,2442.0,106.26
2021-05-21,2440.0,2483.0,2172.0,2300.0,135.44
2021-05-22,2299.0,2350.0,1770.0,2104.0,110.73
2021-05-23,2104.0,2660.0,2104.0,2651.0,107.07
2021-05-24,2653.0,2743.0,2407.0,2708.0,120.52
2021-05-25,2708.0,2906.0,2665.0,2889.0,110.54
2021-05-26,2888.0,2888.0,2651.0,2745.0,66.55
2021-05-27,2745.0,2745.0,2350.0,2417.0,76.16
2021-05-28,2416.0,2552.0,2228.0,2284.0,68.63
2021-05-29,2283.0,2468.0,2203.0,2391.0,54.04
2021-05-30,2391.0,2706.0,2298.0,2703.0,65.55
2021-05-31,2706.0,2734.0,2536.0,2637.0,60.27
2021-06-01,2635.0,2792.0,2569.0,2708.0,54.59
2021-06-02,2709.0,2888.0,2689.0,2860.0,62.41
2021-06-03,2855.0,2855.0,2570.0,2689.0,67.81
2021-06-04,2692.0,2798.0,2567.0,2634.0,57.6
2021-06-05,2634.0,2743.0,2620.0,2714.0,44.97
2021-06-06,2715.0,2820.0,2575.0,2594.0,57.6
2021-06-07,2597.0,2614.0,2337.0,2511.0,83.46
2021-06-08,2511.0,2640.0,2435.0,2611.0,72.11
2021-06-09,2611.0,2611.0,2436.0,2471.0,51.03
2021-06-10,2474.0,2498.0,2336.0,2359.0,44.21
2021-06-11,2357.0,2445.0,2263.0,2373.0,47.39
2021-06-12,2374.0,2552.0,2341.0,2508.0,47.94
2021-06-13,2508.0,2604.0,2478.0,2582.0,46.46
2021-06-14,2582.0,2630.0,2518.0,2545.0,42.84
2021-06-15,2545.0,2545.0,2368.0,2377.0,42.75
2021-06-16,2370.0,2449.0,2318.0,2376.0,39.63
2021-06-17,2373.0,2373.0,2152.0,2239.0,47.03
2021-06-18,2235.0,2273.0,2169.0,2169.0,35.05
2021-06-19,2168.0,2270.0,2063.0,2241.0,47.2
2021-06-20,2243.0,2243.0,1880.0,1887.0,71.99
2021-06-21,1888.0,1988.0,1727.0,1880.0,71.41
2021-06-22,1883.0,2033.0,1849.0,1970.0,48.16
2021-06-23,1970.0,2031.0,1904.0,1989.0,36.38
2021-06-24,1989.0,1990.0,1794.0,1811.0,43.48
2021-06-25,1811.0,1850.0,1734.0,1832.0,40.78
2021-06-26,1832.0,1983.0,1825.0,1983.0,39.16
2021-06-27,1984.0,2138.0,1970.0,2086.0,49.25
2021-06-28,2086.0,2237.0,2086.0,2168.0,44.06
2021-06-29,2166.0,2283.0,2098.0,2275.0,48.39
2021-06-30,2274.0,2274.0,2088.0,2109.0,48.27
2021-07-01,2107.0,2155.0,2030.0,2154.0,50.54
2021-07-02,2155.0,2235.0,2128.0,2227.0,31.72
2021-07-03,2228.0,2377.0,2204.0,2323.0,33.07
2021-07-04,2322.0,2369.0,2199.0,2199.0,37.98
2021-07-05,2199.0,2347.0,2199.0,2327.0,40.76
2021-07-06,2323.0,60075.0,2319.0,2319.0,34.24
2021-07-07,2317.0,7815.0,2117.0,2117.0,38.66
2021-07-08,2117.0,2185.0,2064.0,2146.0,37.93
2021-07-09,2148.0,2183.0,2083.0,2112.0,29.19
2021-07-10,2113.0,2171.0,2094.0,2141.0,23.12
2021-07-11,2141.0,2149.0,2017.0,2032.0,27.39
2021-07-12,2033.0,2041.0,1929.0,1945.0,27.81
2021-07-13,1943.0,2008.0,1873.0,1992.0,30.26
2021-07-14,1996.0,2031.0,1894.0,1922.0,28.43
2021-07-15,1921.0,1960.0,1857.0,1880.0,26.74
2021-07-16,1879.0,1917.0,1850.0,1901.0,23.23
2021-07-17,1902.0,1993.0,1883.0,1894.0,23.67
2021-07-18,1893.0,1913.0,1812.0,1822.0,23.3
2021-07-19,1820.0,1836.0,1723.0,1788.0,31.52
2021-07-20,1789.0,2022.0,1773.0,1997.0,40.57
2021-07-21,1998.0,2044.0,1957.0,2027.0,31.92
2021-07-22,2027.0,2127.0,2006.0,2125.0,30.27
2021-07-23,2125.0,2196.0,2114.0,2186.0,27.62
2021-07-24,2187.0,2198.0,2116.0,2192.0,24.8
2021-07-25,2191.0,2413.0,2187.0,2229.0,53.05
2021-07-26,2230.0,2315.0,2182.0,2300.0,42.23
2021-07-27,2301.0,2338.0,2252.0,2300.0,33.73
2021-07-28,2302.0,2391.0,2273.0,2379.0,25.62
2021-07-29,2384.0,2473.0,2338.0,2464.0,35.19
2021-07-30,2460.0,2543.0,2427.0,2530.0,28.99
2021-07-31,2530.0,2684.0,2516.0,2557.0,38.82
2021-08-01,2557.0,2655.0,2520.0,2607.0,38.88
2021-08-02,2609.0,2619.0,2456.0,2511.0,38.61
2021-08-03,2510.0,2757.0,2484.0,2727.0,43.97
2021-08-04,2725.0,2842.0,2560.0,2828.0,58.96
2021-08-05,2826.0,2942.0,2743.0,2894.0,45.6
2021-08-06,2889.0,3158.0,2884.0,3157.0,59.63
2021-08-07,3156.0,3176.0,2961.0,3014.0,50.27
2021-08-08,3013.0,3173.0,2919.0,3162.0,59.79
2021-08-09,3161.0,3225.0,3063.0,3142.0,46.95
2021-08-10,3144.0,3270.0,3133.0,3166.0,42.31
2021-08-11,3166.0,3224.0,2999.0,3050.0,41.96
2021-08-12,3050.0,3319.0,3050.0,3319.0,40.36
2021-08-13,3322.0,3326.0,3215.0,3267.0,33.26
2021-08-14,3267.0,3313.0,3129.0,3310.0,37.69
2021-08-15,3311.0,3327.0,3152.0,3152.0,39.93
2021-08-16,3152.0,3272.0,3018.0,3021.0,46.16
2021-08-17,3019.0,3116.0,2972.0,3022.0,38.7
2021-08-18,3019.0,3188.0,2985.0,3188.0,36.41
2021-08-19,3184.0,3301.0,3184.0,3284.0,34.28
2021-08-20,3286.0,3304.0,3216.0,3227.0,29.05
2021-08-21,3228.0,3269.0,3142.0,3242.0,27.58
2021-08-22,3242.0,3368.0,3242.0,3321.0,35.71
2021-08-23,3326.0,3338.0,3160.0,3172.0,35.99
2021-08-24,3177.0,3243.0,3100.0,3230.0,34.47
2021-08-25,3232.0,3238.0,3073.0,3101.0,32.56
2021-08-26,3099.0,3272.0,3085.0,3272.0,32.0
2021-08-27,3278.0,3287.0,3222.0,3249.0,22.03
2021-08-28,3249.0,3281.0,3167.0,3229.0,26.28
2021-08-29,3228.0,3332.0,3159.0,3233.0,38.41
2021-08-30,3233.0,3460.0,3205.0,3431.0,57.47
2021-08-31,3433.0,3828.0,3418.0,3828.0,59.88
2021-09-01,3828.0,3832.0,3719.0,3788.0,45.18
2021-09-02,3789.0,4016.0,3734.0,3942.0,54.48
2021-09-03,3941.0,3963.0,3848.0,3890.0,38.94
2021-09-04,3890.0,3983.0,3854.0,3951.0,34.3
2021-09-05,3951.0,3975.0,3884.0,3930.0,35.14
2021-09-06,3931.0,3931.0,3069.0,3448.0,82.51
2021-09-07,3446.0,3554.0,3256.0,3510.0,61.81
2021-09-08,3502.0,3556.0,3403.0,3427.0,43.55
2021-09-09,3432.0,3492.0,3172.0,3217.0,43.01
2021-09-10,3215.0,3341.0,3215.0,3272.0,32.03
2021-09-11,3272.0,3464.0,3254.0,3409.0,31.87
2021-09-12,3407.0,3413.0,3131.0,3286.0,47.3
2021-09-13,3289.0,3439.0,3289.0,3439.0,33.52
2021-09-14,3438.0,3613.0,3379.0,3613.0,33.35
2021-09-15,3615.0,3669.0,3502.0,3576.0,37.85
2021-09-16,3570.0,3584.0,3376.0,3408.0,33.36
2021-09-17,3404.0,3532.0,3387.0,3439.0,27.78
2021-09-18,3439.0,3446.0,3292.0,3333.0,26.38
2021-09-19,3332.0,3332.0,2942.0,2983.0,54.56
2021-09-20,2980.0,3071.0,2680.0,2767.0,56.11
2021-09-21,2770.0,3082.0,2770.0,3082.0,45.21
2021-09-22,3080.0,3170.0,3050.0,3155.0,32.18
2021-09-23,3155.0,3155.0,2762.0,2935.0,52.84
2021-09-24,2932.0,2963.0,2817.0,2928.0,37.73
2021-09-25,2927.0,3093.0,2773.0,3064.0,43.11
2021-09-26,3063.0,3147.0,2931.0,2931.0,32.68
2021-09-27,2930.0,2962.0,2801.0,2812.0,31.78
2021-09-28,2809.0,2942.0,2799.0,2857.0,26.88
2021-09-29,2853.0,3038.0,2853.0,3001.0,32.47
2021-09-30,3001.0,3309.0,2998.0,3303.0,39.66
2021-10-01,3308.0,3451.0,3267.0,3385.0,30.74
2021-10-02,3385.0,3473.0,3351.0,3414.0,27.21
2021-10-03,3414.0,3432.0,3288.0,3387.0,32.77
2021-10-04,3386.0,3540.0,3386.0,3518.0,28.79
2021-10-05,3517.0,3631.0,3379.0,3577.0,39.69
2021-10-06,3574.0,3640.0,3483.0,3588.0,34.07
2021-10-07,3587.0,3664.0,3544.0,3565.0,28.4
2021-10-08,3565.0,3628.0,3546.0,3575.0,19.88
2021-10-09,3575.0,3590.0,3418.0,3418.0,27.68
2021-10-10,3418.0,3615.0,3402.0,3547.0,29.6
2021-10-11,3543.0,3543.0,3415.0,3495.0,30.21
2021-10-12,3494.0,3605.0,3436.0,3605.0,41.48
2021-10-13,3608.0,3810.0,3605.0,3793.0,31.89
2021-10-14,3791.0,3908.0,3760.0,3868.0,34.17
2021-10-15,3869.0,3947.0,3811.0,3830.0,25.25
2021-10-16,3830.0,3907.0,3674.0,3849.0,26.82
2021-10-17,3849.0,3878.0,3699.0,3749.0,28.06
2021-10-18,3747.0,3879.0,3747.0,3877.0,25.4
2021-10-19,3878.0,4156.0,3859.0,4156.0,32.92
2021-10-20,4159.0,4348.0,4024.0,4067.0,49.38
2021-10-21,4056.0,4137.0,3918.0,3975.0,31.41
2021-10-22,3975.0,4171.0,3964.0,4171.0,25.48
2021-10-23,4171.0,4172.0,3991.0,4088.0,25.35
2021-10-24,4084.0,4220.0,4084.0,4216.0,24.48
2021-10-25,4222.0,4272.0,4110.0,4135.0,28.41
2021-10-26,4135.0,4274.0,3929.0,3929.0,41.75
2021-10-27,3930.0,4290.0,3930.0,4290.0,40.51
2021-10-28,4292.0,4462.0,4292.0,4428.0,36.36
2021-10-29,4421.0,4421.0,4264.0,4329.0,24.9
2021-10-30,4328.0,4382.0,4193.0,4293.0,27.94
2021-10-31,4293.0,4369.0,4171.0,4324.0,29.77
2021-11-01,4325.0,4597.0,4325.0,4597.0,33.17
2021-11-02,4594.0,4658.0,4483.0,4604.0,33.06
2021-11-03,4610.0,4610.0,4454.0,4549.0,28.95
2021-11-04,4541.0,4559.0,4460.0,4481.0,23.67
2021-11-05,4483.0,4526.0,4360.0,4526.0,23.08
2021-11-06,4527.0,4641.0,4527.0,4622.0,20.59
2021-11-07,4621.0,4820.0,4621.0,4811.0,30.55
2021-11-08,4813.0,4830.0,4724.0,4736.0,28.36
2021-11-09,4738.0,4836.0,4529.0,4650.0,39.89
2021-11-10,4640.0,8518.0,4602.0,4731.0,27.2
2021-11-11,4729.0,4812.0,4533.0,4680.0,30.53
2021-11-12,4678.0,4716.0,4607.0,4658.0,19.74
2021-11-13,4657.0,4705.0,4544.0,4637.0,20.13
2021-11-14,4634.0,4759.0,4551.0,4576.0,25.51
2021-11-15,4571.0,4571.0,4132.0,4230.0,43.99
2021-11-16,4219.0,4282.0,4094.0,4270.0,25.72
