evt_block_time,initialBCV,newBCV,adjustment,addition,evt_tx_hash,contract_address,evt_index,evt_block_number
2021-12-11 04:39,9006,9065,59,TRUE,\x5b9c9354018344afaa1f5d6aa3991da14eb4c7565b38a606612163e0c9a94a7a,\xc20cfff07076858a7e642e396180ec390e5a02f7,308,13781783
2021-12-10 00:37,8947,9006,59,TRUE,\xee56ed753171c01dca757c32238aa408996785934d08021975ce2009a279f9ad,\xc20cfff07076858a7e642e396180ec390e5a02f7,135,13774226
2021-12-08 21:09,8888,8947,59,TRUE,\xc1091dd305bbda48c1cf517bf8a72c96ef35cfaf9c4e6758cb3a333d54ef4b31,\xc20cfff07076858a7e642e396180ec390e5a02f7,236,13767062
2021-12-07 14:35,8829,8888,59,TRUE,\x572f67467aac2364d8c264d88de15059345bd6c8b034fdd91698855cd05a63b2,\xc20cfff07076858a7e642e396180ec390e5a02f7,229,13759090
2021-12-06 12:55,8770,8829,59,TRUE,\x8f4e2857e1b839543c6788aba3b6bc481d69ab357b69c7ebf3ac18ac79e248d7,\xc20cfff07076858a7e642e396180ec390e5a02f7,58,13752413
2021-12-05 03:47,8711,8770,59,TRUE,\x7f4b5e841a6dcf55d226587dc1d232998a064451f8800fc0758be4ac70cb613c,\xc20cfff07076858a7e642e396180ec390e5a02f7,31,13743759
2021-12-04 10:50,8652,8711,59,TRUE,\x8b3b659f999ddfbd43320ffd9a03e589d559b1379cdc85cb8e3be2aa9446d9e6,\xc20cfff07076858a7e642e396180ec390e5a02f7,174,13739396
2021-12-03 20:12,8593,8652,59,TRUE,\xbae18fbf9dafcc0fd20eec576aaab483ee215b8d2a95bc8bdb128db332d3a1a4,\xc20cfff07076858a7e642e396180ec390e5a02f7,144,13735602
2021-12-02 17:49,8534,8593,59,TRUE,\x82366d79b9c626c008cb3b2305b250c387daf029838c7cdb74dfb98a4de7b4d2,\xc20cfff07076858a7e642e396180ec390e5a02f7,346,13728737
2021-12-02 08:08,8475,8534,59,TRUE,\xc704be5520a2b911453d0d7522a3d3a482d1b5e81347f0472ec7e32043b9cc22,\xc20cfff07076858a7e642e396180ec390e5a02f7,28,13726221
2021-12-01 01:11,8416,8475,59,TRUE,\x35dd899558099c9f9ce8774d8c2b450f08b2b96df0bdda86cf7886749c79b991,\xc20cfff07076858a7e642e396180ec390e5a02f7,450,13718132
2021-11-30 04:18,8357,8416,59,TRUE,\x7e5297215116460553921d67927639202b1e52d0963c706aa7322227281bb046,\xc20cfff07076858a7e642e396180ec390e5a02f7,104,13712711
2021-11-29 06:16,8298,8357,59,TRUE,\x54653fdc3e69661032a5bd0bfad844c3f42740ebde0173700e3353107b8b2150,\xc20cfff07076858a7e642e396180ec390e5a02f7,28,13706987
2021-11-28 07:30,8239,8298,59,TRUE,\xa7cf0982c356fbdaf0603e3e1ce550680f07509d0b47cfac2a94f157a5966bd2,\xc20cfff07076858a7e642e396180ec390e5a02f7,33,13701087
2021-11-27 07:56,8180,8239,59,TRUE,\x3ca6c6ebf6557865d51fccd6448c3f8d344d740e9aeb276fef89a29380fa34b4,\xc20cfff07076858a7e642e396180ec390e5a02f7,109,13694890
2021-11-25 23:20,8121,8180,59,TRUE,\x68cd5dbc4a1e12cb9b2b685ba80e5ee6e3337de27f64eccc865bcea82359444e,\xc20cfff07076858a7e642e396180ec390e5a02f7,284,13686337
2021-11-24 21:59,8062,8121,59,TRUE,\x9e6081038e389d49c7657ee20052b01ae23ac84cc419f942715547c4d0633f48,\xc20cfff07076858a7e642e396180ec390e5a02f7,201,13679706
2021-11-23 23:12,8003,8062,59,TRUE,\x9f006633f0fbf2b93c9120b1f0c8cf0843cd2a24042aecf64bec0c2d27b47ffc,\xc20cfff07076858a7e642e396180ec390e5a02f7,185,13673698
2021-11-23 04:49,7944,8003,59,TRUE,\xb73e978ab898c5f46e5f634bc942ebe10e0efbd2f7e7b603390a10366d8dd649,\xc20cfff07076858a7e642e396180ec390e5a02f7,162,13668828
2021-11-22 16:29,7885,7944,59,TRUE,\x671039af385d7666d60a5a76d1594e92fd16f1b157a1e1692786943d91f3fa95,\xc20cfff07076858a7e642e396180ec390e5a02f7,199,13665563
2021-11-21 18:55,7826,7885,59,TRUE,\xc37682e00504feafaf00a53f195982cd06ba68da10c92ea2444ed1a2b2728252,\xc20cfff07076858a7e642e396180ec390e5a02f7,58,13659906
2021-11-21 00:14,7767,7826,59,TRUE,\xa92421b37c44dc727b316560a31b3c76f013f6c9393accea7f4181ce34823124,\xc20cfff07076858a7e642e396180ec390e5a02f7,28,13654980
2021-11-20 22:21,7708,7767,59,TRUE,\x43beed88004e751985349e03d95bb99a1207550a6f16db127e324cb5566f821a,\xc20cfff07076858a7e642e396180ec390e5a02f7,94,13654476
2021-11-20 00:13,7649,7708,59,TRUE,\x46569dfcaabd9c329595b39c51650feba2ecf2d5f345fc0cda6bc6185e0a61ea,\xc20cfff07076858a7e642e396180ec390e5a02f7,128,13648676
2021-11-19 03:13,7590,7649,59,TRUE,\x0bf5995aec622df42d6b4887f9474a5e87f444e451f34dd14f983c541e35638b,\xc20cfff07076858a7e642e396180ec390e5a02f7,407,13643247
2021-10-29 20:28,6056,6115,59,TRUE,\x32141e6852a607b800834897c2a91f981b9b59d3e911418fc2d0d8c43132fde0,\xc20cfff07076858a7e642e396180ec390e5a02f7,148,13514210
2021-10-29 00:43,5997,6056,59,TRUE,\x848133f15ea52942d791d4019bbfb50b91e0f63d99c80da09910aedcba07f12e,\xc20cfff07076858a7e642e396180ec390e5a02f7,615,13509022
2021-10-28 09:21,5938,5997,59,TRUE,\xfa125f7597133cfd47b3dccf532f6efa0f9afe2396b43bdd5b78e2bd4d24c5bd,\xc20cfff07076858a7e642e396180ec390e5a02f7,79,13504885
2021-10-27 18:16,5879,5938,59,TRUE,\xdd67a99df595bfe7f57f5b52708e7ca580af76271c4e642b429fe184d83704c6,\xc20cfff07076858a7e642e396180ec390e5a02f7,103,13500945
2021-10-26 21:18,5820,5879,59,TRUE,\xd21885997c8121f63cfcb3d2af1c6e9943fbce2062d7840ec100db6f498a2cae,\xc20cfff07076858a7e642e396180ec390e5a02f7,347,13495339
2021-10-25 23:48,5761,5820,59,TRUE,\x7fad90aaff66f901c2db755c1d215dea91311d8f5275cca6d7a579127b4ba02a,\xc20cfff07076858a7e642e396180ec390e5a02f7,79,13489615
2021-10-25 13:17,5702,5761,59,TRUE,\x09bb88fb576670aba4610b736337b1d6019e1c74faaa702ade854ceb6d3edc25,\xc20cfff07076858a7e642e396180ec390e5a02f7,229,13486835
2021-10-24 22:18,5643,5702,59,TRUE,\xd7e1308ad5ed07c56c9d41e9a0280b9ad41b924b13690fe8d24921408c7dc8c2,\xc20cfff07076858a7e642e396180ec390e5a02f7,178,13482789
2021-10-24 18:20,5584,5643,59,TRUE,\x50f054f6b4fa1cde6aaeedf7484800d56987b70a9689c8c82442b616f55c5e3c,\xc20cfff07076858a7e642e396180ec390e5a02f7,275,13481739
2021-10-24 04:49,5525,5584,59,TRUE,\x2b82564b50e1c5fcdfbbf13bb07285631d0969f4c252e1b48a0b8ef6ba177ae8,\xc20cfff07076858a7e642e396180ec390e5a02f7,415,13478152
2021-10-23 13:27,5466,5525,59,TRUE,\xe22de60e35e85d0ae862f670b97c2884996c8349e5660b9f8b4a6f3112520b03,\xc20cfff07076858a7e642e396180ec390e5a02f7,43,13474046
2021-10-23 12:48,5407,5466,59,TRUE,\x9ba5dd628329007c92376654aa094314d60e9e53922d78e1658020e328ba12b2,\xc20cfff07076858a7e642e396180ec390e5a02f7,487,13473850
2021-10-23 10:28,5348,5407,59,TRUE,\x719f2edf7bf0113661ba9433e8c7f7b8b451cee524eba634e8b7c98871ad556f,\xc20cfff07076858a7e642e396180ec390e5a02f7,244,13473228
2021-10-22 23:24,5289,5348,59,TRUE,\x6e331de17a239c927f3fe9f747726b78ac66ef5ee29bfd621def46cda0995464,\xc20cfff07076858a7e642e396180ec390e5a02f7,148,13470344
2021-10-22 11:12,5230,5289,59,TRUE,\x6cbdc5eaf812b2c7b9364b40e0688828fe0a1eff6e8004cef4961eda8dbc8834,\xc20cfff07076858a7e642e396180ec390e5a02f7,239,13467080
2021-10-22 08:06,5171,5230,59,TRUE,\x4cc4d5192be50d666857d964318be705d690b441391feddedd693336a79f88aa,\xc20cfff07076858a7e642e396180ec390e5a02f7,550,13466257
2021-10-21 14:01,5112,5171,59,TRUE,\x6185367c806b0917af443532221375b0f226ef190d62f97cc8d4fae60f827b12,\xc20cfff07076858a7e642e396180ec390e5a02f7,498,13461430
2021-10-20 21:50,5053,5112,59,TRUE,\x49e027457faaa09a07b4b389184a46027b62baa87c561bb4d693ddfd2c2c1b7c,\xc20cfff07076858a7e642e396180ec390e5a02f7,83,13457069
2021-10-20 12:25,4994,5053,59,TRUE,\x6d8e9358b905111e964270e9409835f357c9c9995087de6b31aa16899a580652,\xc20cfff07076858a7e642e396180ec390e5a02f7,298,13454584
2021-10-19 22:16,4935,4994,59,TRUE,\xdc8e8585b9397889bae899b99e3c733ff9f6afb40cd5ab74d79c29c2092bf728,\xc20cfff07076858a7e642e396180ec390e5a02f7,115,13450826
2021-10-19 03:19,4876,4935,59,TRUE,\xae890695372ea5d0db775c4a6e6328a821508116b950b72c5241f942f4cf4316,\xc20cfff07076858a7e642e396180ec390e5a02f7,19,13445752
2021-10-19 02:47,4817,4876,59,TRUE,\x9fefa48be3b123f3b88a6c7f08bb9566bda8eadc4a356a2c9a50aa87aeacfe9a,\xc20cfff07076858a7e642e396180ec390e5a02f7,100,13445603
2021-10-19 01:58,4758,4817,59,TRUE,\x91d2ad1f7053570bf1d32d30a1a864b048f1a3ecdc0a942761d9a291e5aa61dd,\xc20cfff07076858a7e642e396180ec390e5a02f7,341,13445390
2021-10-18 14:57,4699,4758,59,TRUE,\x8b3bfeacfe5067e2885a2f970eb6325529d4cc929ec895e620a64c0c18789583,\xc20cfff07076858a7e642e396180ec390e5a02f7,638,13442488
2021-10-18 05:08,4640,4699,59,TRUE,\xe0c13dd6588e3a0cd218cee18d3ed8dd166fb4fc3a595def82eabd60e58a927a,\xc20cfff07076858a7e642e396180ec390e5a02f7,542,13439867
2021-10-17 12:32,4581,4640,59,TRUE,\x246229201b7a1f2c3dc8167ac8c310dc9804b1e377fedf714b246655fddc6fe6,\xc20cfff07076858a7e642e396180ec390e5a02f7,108,13435461
2021-10-16 14:59,4522,4581,59,TRUE,\x4a3f50f20a92209f587e10b333c7f64f7527203c8c429fd3b8cf6e8d2dd7d195,\xc20cfff07076858a7e642e396180ec390e5a02f7,137,13429699
2021-10-16 00:27,4463,4522,59,TRUE,\x82816768a4f78aee433e6740e47a994617e03086e1e9a41471a02aad9590263b,\xc20cfff07076858a7e642e396180ec390e5a02f7,244,13425821
2021-10-14 22:27,4404,4463,59,TRUE,\xdd11dcec3fd7126d330a61c85384052f5bf8fe863d9e98111b67de3e7ffca4e6,\xc20cfff07076858a7e642e396180ec390e5a02f7,76,13418977
2021-10-14 19:07,4345,4404,59,TRUE,\x66f6d3137f711a03547a6f923bd2d9d4b0eb73d931c1e90674f2755313b7abef,\xc20cfff07076858a7e642e396180ec390e5a02f7,391,13418084
2021-10-13 23:10,4286,4345,59,TRUE,\xd364ee07de8efe1dd78fe3ad11355e4e0c809d432142366d79fb313d81ee5614,\xc20cfff07076858a7e642e396180ec390e5a02f7,38,13412845
2021-10-13 20:39,4227,4286,59,TRUE,\xbec7c1bdaad721e9166efaeed751a2128339a4cb92e6c6d4bc66a989185cb5a5,\xc20cfff07076858a7e642e396180ec390e5a02f7,650,13412167
2021-10-13 18:57,4168,4227,59,TRUE,\x16e0b77be1ca956434ea818ba115ad8ed753b258688c4b5194459304cdfa2bf7,\xc20cfff07076858a7e642e396180ec390e5a02f7,348,13411663
2021-10-13 07:33,4109,4168,59,TRUE,\xe007d97fba85e6975a54359148d2ed4ff43b5083db550b7f9350056142b0217e,\xc20cfff07076858a7e642e396180ec390e5a02f7,223,13408738
2021-10-13 00:46,4050,4109,59,TRUE,\x8d445c168128b0f4363c156f9d07d7e1c323d772be44bd210710cce5184cd58f,\xc20cfff07076858a7e642e396180ec390e5a02f7,399,13406939
2021-10-12 15:51,3991,4050,59,TRUE,\x573c0bbe34f6a26de7e75b53d867ff99f492f33656965d3d744a9ade8838d1cc,\xc20cfff07076858a7e642e396180ec390e5a02f7,109,13404539
2021-10-11 23:46,3932,3991,59,TRUE,\x84fcd1022058cdc949170d22f687eb857b0684c33610a6951ca0e194ffd74901,\xc20cfff07076858a7e642e396180ec390e5a02f7,383,13400319
2021-10-11 17:47,3873,3932,59,TRUE,\x266280061341360b1f9f12606afdd042f090896fd349579db628d7ecdbb46c7f,\xc20cfff07076858a7e642e396180ec390e5a02f7,189,13398704
2021-10-11 07:40,3814,3873,59,TRUE,\x627c697cacf15fefcf3850d1c185d7663a37256ed12597162e1c418e7ef437ae,\xc20cfff07076858a7e642e396180ec390e5a02f7,471,13396020
2021-10-10 21:52,3755,3814,59,TRUE,\xa96235c1c1a457bd980a7f36589d983a9f354aa0867ec16a723cbcc3dba5fc77,\xc20cfff07076858a7e642e396180ec390e5a02f7,117,13393420
2021-10-10 17:20,3696,3755,59,TRUE,\xa0da52e742ee298749ad99093a1bc3f0c816db77fa0068501711c162d52df015,\xc20cfff07076858a7e642e396180ec390e5a02f7,253,13392228
2021-10-10 14:31,3637,3696,59,TRUE,\x584f7cf42c50976b90147fa5c9a751b70174275e252096bde951a0dc9e1e7a65,\xc20cfff07076858a7e642e396180ec390e5a02f7,304,13391443
2021-10-10 06:14,3578,3637,59,TRUE,\x831ac2ce079c08a6362ef292c490e5757fc92c182eae2d1cfffdd3992e6c5d35,\xc20cfff07076858a7e642e396180ec390e5a02f7,59,13389259
2021-10-09 18:46,3519,3578,59,TRUE,\xb1ae9979e4372061d575df0a6d6fef73e682630b1eaefcf883a659c004cfb34e,\xc20cfff07076858a7e642e396180ec390e5a02f7,170,13386220
2021-10-09 13:11,3460,3519,59,TRUE,\x004224865384c945db01fae0e8ba2908d7890670458a300f83858327b2a50547,\xc20cfff07076858a7e642e396180ec390e5a02f7,40,13384732
2021-10-09 03:26,3401,3460,59,TRUE,\x66006e483bad122cb40ed0817547c0c0f3879752a4b1d9feb96ed0baa7da873b,\xc20cfff07076858a7e642e396180ec390e5a02f7,500,13382174
2021-10-08 22:09,3342,3401,59,TRUE,\xdc51aeaed1d725758f49beed49b22a12c03fdefdfae05b7711a2a34d87ebab2c,\xc20cfff07076858a7e642e396180ec390e5a02f7,293,13380773
2021-10-08 19:40,3283,3342,59,TRUE,\x0bf1d529e66fe68b723d3e525e6249c400507548df36b2ccec15e1ea8f59aee9,\xc20cfff07076858a7e642e396180ec390e5a02f7,374,13380115
2021-10-08 07:33,3224,3283,59,TRUE,\x60f2674fed2b9bfa4a0f28e6d13331fd60a6b6083089740fedd132432f23be59,\xc20cfff07076858a7e642e396180ec390e5a02f7,645,13376874
2021-10-07 22:43,3165,3224,59,TRUE,\x884325cc92d6d50bb23f1f4037e302b8516d1eaa3a5b76f4a228a887c6fb0359,\xc20cfff07076858a7e642e396180ec390e5a02f7,203,13374526
2021-10-07 11:10,3106,3165,59,TRUE,\xfb7a9b193c6869236b52311a62e57323cd419e779040e5699dd245030d068187,\xc20cfff07076858a7e642e396180ec390e5a02f7,39,13371455
2021-10-06 19:40,3047,3106,59,TRUE,\xf66cb1b582a1459f885b6134054f23c483cd12d14303530636997e1599511e5f,\xc20cfff07076858a7e642e396180ec390e5a02f7,345,13367329
2021-10-06 06:02,2988,3047,59,TRUE,\xa024b0d3fba14d74685960491ea08f3cbefccb7345a2c5b7385235da1d60dede,\xc20cfff07076858a7e642e396180ec390e5a02f7,46,13363741
2021-10-05 18:03,2929,2988,59,TRUE,\x70e8038c4d75ee31eedd6d91317aed0aed0e35fc707c19da8d677723226b625b,\xc20cfff07076858a7e642e396180ec390e5a02f7,319,13360564
2021-10-05 05:38,2870,2929,59,TRUE,\xe8a4d8a000294123aead83035fa3c9d9d773fb024ce08d93afe8cafc1ce84d6f,\xc20cfff07076858a7e642e396180ec390e5a02f7,47,13357200
2021-10-04 19:16,2811,2870,59,TRUE,\x0cd33f0731102c7d4cde38cde69cd287b5cbe8e6a1b71bb3641de6a65273ca53,\xc20cfff07076858a7e642e396180ec390e5a02f7,126,13354470
2021-10-04 04:29,2752,2811,59,TRUE,\x8e5eef000634d592797fb040f2b25caa158d07295b74f9f8930e5f2f5b84d626,\xc20cfff07076858a7e642e396180ec390e5a02f7,158,13350490
2021-10-03 21:59,2693,2752,59,TRUE,\x5dc0cb460704930c982cb5790fe0ec917f86aeeea319ab85d398a3dd1a5377f8,\xc20cfff07076858a7e642e396180ec390e5a02f7,243,13348796
2021-10-03 10:36,2634,2693,59,TRUE,\x89b72e1a2c5119ca88eadf5b15dab2761e8f99924826a695eb5b9838914d1c59,\xc20cfff07076858a7e642e396180ec390e5a02f7,162,13345734
2021-10-03 02:21,2575,2634,59,TRUE,\xf2b8d30b1a51e57fbb12a28c75e92ec963d7c28b22787a8efe215bcb79d86953,\xc20cfff07076858a7e642e396180ec390e5a02f7,457,13343588
2021-10-02 10:40,2516,2575,59,TRUE,\xc05fb1adf44d4c8111751046018e442be584a186caa669e2e8644e582341b2a7,\xc20cfff07076858a7e642e396180ec390e5a02f7,491,13339379
2021-10-01 20:09,2457,2516,59,TRUE,\xe3f77441fd70c0f4cc102e46cc63864a5ffc0423a993f7a666b465c07196cbd3,\xc20cfff07076858a7e642e396180ec390e5a02f7,28,13335529
2021-10-01 02:47,2398,2457,59,TRUE,\x5a329655bff841235be0275df224645b4296193f43174a7b045b527db69c682d,\xc20cfff07076858a7e642e396180ec390e5a02f7,70,13330850
2021-09-30 15:42,2361,2398,37,TRUE,\x73eab6dbb1018e75080a80bf6842123ebe6554820f3aad1358790037dac7f6c3,\xc20cfff07076858a7e642e396180ec390e5a02f7,15,13327914
2021-09-30 06:57,2324,2361,37,TRUE,\x2cf0d6befd7c994b089b8abd8201caff47872911110618a6d4444bd1d4958bc1,\xc20cfff07076858a7e642e396180ec390e5a02f7,134,13325636
2021-09-29 19:22,2287,2324,37,TRUE,\xc91e48300bce890113e0f1dc36e5abff849efe503b3ba1063e635294444a634f,\xc20cfff07076858a7e642e396180ec390e5a02f7,185,13322544
2021-09-29 07:33,2250,2287,37,TRUE,\x7d710c104047080fb29c458d9eb5945d7dfa28d6796c3db8aa2ded2af5b03e79,\xc20cfff07076858a7e642e396180ec390e5a02f7,589,13319358
2021-09-28 22:47,2213,2250,37,TRUE,\x38b13f1691fc5319e2c80cbe5dec1a20a7d0867e52a49f2ecbeea50716828724,\xc20cfff07076858a7e642e396180ec390e5a02f7,30,13317023
2021-09-28 06:46,2176,2213,37,TRUE,\xd516514d185d7e6efa2bf428a7bf87517b952668524f8a63df97d41d35cd6b5b,\xc20cfff07076858a7e642e396180ec390e5a02f7,321,13312777
2021-09-27 21:31,2139,2176,37,TRUE,\x290d7f1b6faec32f4a4b6a8212ab3ef29a7e8c17d138f84962bbc1246370ba0b,\xc20cfff07076858a7e642e396180ec390e5a02f7,50,13310271
2021-09-27 14:40,2102,2139,37,TRUE,\x1ebeced604b57dd4655ebc8b1f260d0ff2f64a81bb59a98834fc7e9a558da2da,\xc20cfff07076858a7e642e396180ec390e5a02f7,501,13308371
2021-09-27 03:35,2065,2102,37,TRUE,\x08123890100bf205aede87b6117016d3d264506951b4e10dcc8897b535e0bc03,\xc20cfff07076858a7e642e396180ec390e5a02f7,89,13305503
2021-09-26 23:46,2028,2065,37,TRUE,\xc1bafcecd0d32f842d240b67fc4efaa1a5ea7b89414d31d805f8a8302c878cf4,\xc20cfff07076858a7e642e396180ec390e5a02f7,81,13304455
2021-09-26 11:25,1991,2028,37,TRUE,\xa34d7c1074f5067e6135e4f1be225c656169f46863264be16e249a4f781c8b1d,\xc20cfff07076858a7e642e396180ec390e5a02f7,380,13301105
2021-09-25 15:24,1954,1991,37,TRUE,\xca3ffc889d195510c4bf42beec4a29e12f192020fc98e2bd18d6d72b4f7b204e,\xc20cfff07076858a7e642e396180ec390e5a02f7,444,13295764
2021-09-25 06:20,1917,1954,37,TRUE,\x4cc69641e70434f5d61222d64c71058ae0912048b197f4d2a8c34ff3cb6f0aa8,\xc20cfff07076858a7e642e396180ec390e5a02f7,40,13293272
2021-09-24 21:19,1880,1917,37,TRUE,\xe80101d296b14800427747cd709ffb944979f5e31da97facfb4a360a7827742f,\xc20cfff07076858a7e642e396180ec390e5a02f7,34,13290832
2021-09-24 06:51,1843,1880,37,TRUE,\x27b87afc95781acd1c4b5072c809ea829fb2651057b90194fa9f8a5ed5fc2031,\xc20cfff07076858a7e642e396180ec390e5a02f7,49,13286998
2021-09-23 17:08,1806,1843,37,TRUE,\x2a94a24e14d92f36f82a97119bca33caae794fb6035254d71a6dd96ccaa0433e,\xc20cfff07076858a7e642e396180ec390e5a02f7,70,13283230
2021-09-23 05:32,1769,1806,37,TRUE,\xa93179959e7fd9de8c4663b0a6b91aca10b7d839ddd5dc8861ded51be53c3444,\xc20cfff07076858a7e642e396180ec390e5a02f7,97,13280118
2021-09-22 20:44,1732,1769,37,TRUE,\x739c3810a6417a94b8e2f28dc0c419750a4b4d140e8a2d17d2e8778355c404cd,\xc20cfff07076858a7e642e396180ec390e5a02f7,40,13277799
2021-09-22 18:10,1695,1732,37,TRUE,\xe7c1a111e852c18ddcac7e86f4ece6fc3e9535e633301a7e14b912aeaa19b75c,\xc20cfff07076858a7e642e396180ec390e5a02f7,492,13277047
2021-09-22 06:08,1658,1695,37,TRUE,\xfdce8dbaa5b7295e3848b4ade2caec8a6817f6e9ef6338f97b1dcf06d76e9075,\xc20cfff07076858a7e642e396180ec390e5a02f7,41,13273893
2021-09-21 22:49,1621,1658,37,TRUE,\x1baaba046ff061fe532937ec679ed53bfa96b36f8b35fd49cd72a153b19a558a,\xc20cfff07076858a7e642e396180ec390e5a02f7,86,13271928
2021-09-21 14:03,1584,1621,37,TRUE,\x8f59fd0e29c756309e759faba1b4a1c403577443fb6668c6ca6b89b71a713ca5,\xc20cfff07076858a7e642e396180ec390e5a02f7,76,13269576
2021-09-21 07:23,1547,1584,37,TRUE,\x7bf91b3e81a5b354f5cd5c9739cfcc5a5e08437c841e39e322387fb8033aaf6d,\xc20cfff07076858a7e642e396180ec390e5a02f7,72,13267721
2021-09-20 20:16,1510,1547,37,TRUE,\x5b4b0b30bd6feb04affd686c6a2e336b89d914a28a1010e53367dc37a2086f70,\xc20cfff07076858a7e642e396180ec390e5a02f7,176,13264740
2021-09-01 21:13,1498,1510,0,TRUE,\x141f593d1bf1d2de6bbb058efae5b18d1d4091d6039d0415ce76388e981e7c06,\xc20cfff07076858a7e642e396180ec390e5a02f7,152,13142112
2021-09-01 13:03,1486,1498,12,TRUE,\xdeb9338177b032c268bd57f60d538dc4c1e2b1008eb505b2b4ee0489002f5304,\xc20cfff07076858a7e642e396180ec390e5a02f7,168,13139966
2021-09-01 03:36,1474,1486,12,TRUE,\xe8f80292be030745b852bb323c67ee876243b88afea2025932a37cb67a234974,\xc20cfff07076858a7e642e396180ec390e5a02f7,493,13137408
2021-08-31 18:52,1462,1474,12,TRUE,\x2b95baf57a41bc4135e3a18b04e7062744026702ca55599a3bfc06f6b63a3c16,\xc20cfff07076858a7e642e396180ec390e5a02f7,164,13135035
2021-08-31 05:55,1450,1462,12,TRUE,\x68d4863443d41cef4a8950d261f7bbc6306d67a41d91024407f5248f79cd8eac,\xc20cfff07076858a7e642e396180ec390e5a02f7,130,13131601
2021-08-30 17:09,1438,1450,12,TRUE,\x8c8ea341022f8335215b7195a7a5467f7311c899fc8d473b5a2e68558ca810bf,\xc20cfff07076858a7e642e396180ec390e5a02f7,445,13128149
2021-08-30 08:02,1426,1438,12,TRUE,\x59c865a270943e0a75879136ea531c7ca5b9a122aa86dbbcc83a4c641917a08d,\xc20cfff07076858a7e642e396180ec390e5a02f7,347,13125683
2021-08-29 22:41,1414,1426,12,TRUE,\xcb7504b1c254e713803248074ee0f7240e1b90c57c184bc85c7b68098ac04215,\xc20cfff07076858a7e642e396180ec390e5a02f7,219,13123151
2021-08-29 14:33,1402,1414,12,TRUE,\x8c4088f5b955397189a4ddbd13d3daf919107f3b3578132cc6a07a966396a1ca,\xc20cfff07076858a7e642e396180ec390e5a02f7,281,13120932
2021-08-29 05:54,1390,1402,12,TRUE,\xeed62019f8fd036ed9e5cee2131f0de8fc4d2658bf53120113265dbf9efa9da3,\xc20cfff07076858a7e642e396180ec390e5a02f7,74,13118627
2021-08-28 20:05,1378,1390,12,TRUE,\x8e550dd7fc8bc9220c68ad894a52034c2615407a02338e69323f170b0f7245f4,\xc20cfff07076858a7e642e396180ec390e5a02f7,219,13115983
2021-08-28 12:23,1366,1378,12,TRUE,\xd299a08201b6b9a1cae5c660666e9e7f3a8ec2f0c13fa33a46c1ee67fe2a1a17,\xc20cfff07076858a7e642e396180ec390e5a02f7,47,13113854
2021-08-28 06:18,1354,1366,12,TRUE,\x09b19e1618eae6c583ddf192c3f4c4e8ab2a0ccd5927308a8c06d0341ca9da26,\xc20cfff07076858a7e642e396180ec390e5a02f7,115,13112224
2021-08-28 00:49,1342,1354,12,TRUE,\x40a0855eb5c35b851d60e9b60fd2bd60979dac761ef42a6412dd31742e8a2725,\xc20cfff07076858a7e642e396180ec390e5a02f7,327,13110780
2021-08-27 15:49,1330,1342,12,TRUE,\xe5338fa4cb8df8a312d2eb6ffd84166f9fa3c5654dde5790f76e48f5869009db,\xc20cfff07076858a7e642e396180ec390e5a02f7,208,13108307
2021-08-27 14:23,1318,1330,12,TRUE,\x15cec4055676fac8647aca97baeb0d2218d615d7e350ae32c54a80dca5c07a38,\xc20cfff07076858a7e642e396180ec390e5a02f7,150,13107924
2021-08-27 07:41,1306,1318,12,TRUE,\xf6fa4579fb90eaad6b375e64c67786f9bf0db6ab292b5ab23eb67a601fc80188,\xc20cfff07076858a7e642e396180ec390e5a02f7,55,13106210
2021-08-27 05:52,1294,1306,12,TRUE,\xab20753ec35267352f23162903e89e9d5dc05ac6568b3249313ab157c2db8dd5,\xc20cfff07076858a7e642e396180ec390e5a02f7,403,13105730
2021-08-26 21:19,1282,1294,12,TRUE,\x2640866df3dc295933a7f527d1646aca4037c88a3c480743b0bd0c4be22edf56,\xc20cfff07076858a7e642e396180ec390e5a02f7,94,13103420
2021-08-26 16:45,1270,1282,12,TRUE,\x8ac57e2da0ebdc53ee26e4bf06c8e79cd16138f904d3308ada7fb71157875bec,\xc20cfff07076858a7e642e396180ec390e5a02f7,187,13102168
2021-08-26 09:17,1258,1270,12,TRUE,\x376a4fe7aa985df064bc8b3ad9b25bfc8536ecff785f4068e9cb8e87de6f245f,\xc20cfff07076858a7e642e396180ec390e5a02f7,216,13100102
2021-08-26 04:03,1246,1258,12,TRUE,\x20411dc9dd30e96ea6f0d2b4c109b9f25fb6b00ac9964ef4df8f791e4883b878,\xc20cfff07076858a7e642e396180ec390e5a02f7,175,13098700
2021-08-25 20:51,1234,1246,12,TRUE,\x1c9a02008d3a3f0ae5b4e2b79935ac8d4d89b069a2db450b9d51c9481f3d21fd,\xc20cfff07076858a7e642e396180ec390e5a02f7,64,13096757
2021-08-25 11:15,1222,1234,12,TRUE,\xdda7e7ac7cb818749bf812acfd62298c25b0b8d83e7bcd3e420199947c7bab26,\xc20cfff07076858a7e642e396180ec390e5a02f7,398,13094247
2021-08-25 04:58,1210,1222,12,TRUE,\x07666a8fc5fa3f580a0e77a2b3dc1b8085380bb814bd0c1c93b3aabff98b8fff,\xc20cfff07076858a7e642e396180ec390e5a02f7,277,13092519
2021-08-24 18:01,1198,1210,12,TRUE,\x419b393544174dc451fc4de112a2c14eef4328ae02b363f6c0f2d31cae91c862,\xc20cfff07076858a7e642e396180ec390e5a02f7,248,13089563
2021-08-24 09:57,1186,1198,12,TRUE,\x78fedaaa626ab5ca4e2a3957d5c28e0dafbd3a3a70577d4b77417d87a35749d1,\xc20cfff07076858a7e642e396180ec390e5a02f7,142,13087331
2021-08-24 04:55,1174,1186,12,TRUE,\xaf149439e9361d946c9ba97f7e0131baece0fff3226e7c3809f4a5dfb8d3e3fb,\xc20cfff07076858a7e642e396180ec390e5a02f7,267,13085977
2021-08-23 21:52,1162,1174,12,TRUE,\xdc01b3651994d6ef2396adabf0727d2dea91aacaa8f09fccc4852b84d3df75c6,\xc20cfff07076858a7e642e396180ec390e5a02f7,294,13084095
2021-08-23 18:10,1150,1162,12,TRUE,\x32123360b982f2e78ba3cbcc0b00755ea73ddb52dacdb05cc982c71bbf94c0bc,\xc20cfff07076858a7e642e396180ec390e5a02f7,130,13083086
2021-08-23 11:21,1138,1150,12,TRUE,\x69f40fa9b5944f5f857a1d9fd075c2b049cb47db8ed5428ea2e92cb08e014ad1,\xc20cfff07076858a7e642e396180ec390e5a02f7,191,13081246
2021-08-23 02:54,1126,1138,12,TRUE,\x7d9f84e822084049d33a7ffbd5f67fab8d5da41e8afce3e64ecebb9a857e926c,\xc20cfff07076858a7e642e396180ec390e5a02f7,346,13079043
2021-08-22 22:49,1114,1126,12,TRUE,\xc08d3b2624a059c11c6621436c053c8842b5f9e24e948d123bfee61fe7718702,\xc20cfff07076858a7e642e396180ec390e5a02f7,86,13077959
2021-08-22 14:19,1102,1114,12,TRUE,\x621205be2e52eabb8c85136d39048ec672b363ab97c8716b68aa757b24ac5989,\xc20cfff07076858a7e642e396180ec390e5a02f7,46,13075627
2021-08-22 07:40,1090,1102,12,TRUE,\x2b86ffa036222b9ba4f04e302c8b8671dafdedaa14ba170b527592cc0b1bbfcc,\xc20cfff07076858a7e642e396180ec390e5a02f7,133,13073809
2021-08-21 22:37,1078,1090,12,TRUE,\x398eb21d55cd0f68f73b2d56fd66c1fd04bc3659bcd8facc23e69c7d6e995aca,\xc20cfff07076858a7e642e396180ec390e5a02f7,247,13071379
2021-08-21 15:10,1066,1078,12,TRUE,\x16e410b7f4409e813fcf5a36842d1116a6d340ef61df9c7169c5195f25437de6,\xc20cfff07076858a7e642e396180ec390e5a02f7,440,13069360
2021-08-21 09:51,1054,1066,12,TRUE,\xede3dd428acd12280487f50f5c8c21573825d96fb03dd43f9327d520dfcba19a,\xc20cfff07076858a7e642e396180ec390e5a02f7,558,13067917
2021-08-21 00:14,1042,1054,12,TRUE,\x1ff78f17090d1ee7ac22db44b813406180f66dd2a9f5b06f8d733afc45c043bf,\xc20cfff07076858a7e642e396180ec390e5a02f7,63,13065386
2021-08-20 09:21,1030,1042,12,TRUE,\x4a20b94c3dc0a7e8db5a212dda2fed44f521f5696e4b4064b98c945483d49da0,\xc20cfff07076858a7e642e396180ec390e5a02f7,225,13061282
2021-08-20 02:13,1018,1030,12,TRUE,\x72100cfbd41a69e92a33f8c294c3232f10b399d404d888e88d11f3ccd102e252,\xc20cfff07076858a7e642e396180ec390e5a02f7,437,13059404
2021-08-19 19:43,1006,1018,12,TRUE,\xc3a7d9ca13f8c91e7cd4fc84501385c9db22b02065906b701900a1f72437e4f9,\xc20cfff07076858a7e642e396180ec390e5a02f7,297,13057673
2021-08-19 15:57,994,1006,12,TRUE,\x66dea6ec02a47f08cb6196e1309a4942a74b2f1bb517ec2e32914b365737f053,\xc20cfff07076858a7e642e396180ec390e5a02f7,147,13056651
2021-08-19 10:04,982,994,12,TRUE,\x9d0ccc404b29f4f4646464f8905f146e9a432f42c9d1f7672909c53cfb0e5f05,\xc20cfff07076858a7e642e396180ec390e5a02f7,243,13055046
2021-08-19 04:49,970,982,12,TRUE,\x2c25d8c9533fb7b7464d030073a2da244c9732e40d30d831a10ac0e0f9610665,\xc20cfff07076858a7e642e396180ec390e5a02f7,171,13053612
2021-08-18 22:31,958,970,12,TRUE,\xbea7f506bd8cf06f5cbf324ddfde46418ac18e57ccc4e6a9fb80dc02720802e8,\xc20cfff07076858a7e642e396180ec390e5a02f7,55,13051931
2021-08-18 20:10,946,958,12,TRUE,\x6c57d7ab49c37af9e5616b20214d046c77275a0323ecfaf37567c75533530504,\xc20cfff07076858a7e642e396180ec390e5a02f7,384,13051289
2021-08-18 17:41,934,946,12,TRUE,\x0a0720d3f8c255455e47a3b8d8360c7a3d1f79f3da3ceb63f1ea8f72ac65a21e,\xc20cfff07076858a7e642e396180ec390e5a02f7,332,13050605
2021-08-18 16:38,922,934,12,TRUE,\x11db7713b8d8b0645a6ee996b3ca546050c28063a4c19bf8854a3928e1e16778,\xc20cfff07076858a7e642e396180ec390e5a02f7,205,13050323
2021-08-18 12:02,910,922,12,TRUE,\xac16dc222c258a6a95b785d324bda2d060a8ad8155e7e652df6b071fe1c193d8,\xc20cfff07076858a7e642e396180ec390e5a02f7,86,13049094
2021-08-18 04:31,898,910,12,TRUE,\x43e9d2d6ac3cb2871db6e807aeaace2c1c18e0f83142d929dcc6217ca6bdeb10,\xc20cfff07076858a7e642e396180ec390e5a02f7,100,13047112
2021-08-18 01:05,886,898,12,TRUE,\xce61295a40907c92b784512a7af6d7bcb805dae7d776dcc5f133d7abda235d20,\xc20cfff07076858a7e642e396180ec390e5a02f7,288,13046177
2021-08-17 13:24,874,886,12,TRUE,\xf3d049831d819fbe3286243eca9f422665890d590666cc39b259256e606038ca,\xc20cfff07076858a7e642e396180ec390e5a02f7,325,13042965
2021-08-17 12:48,862,874,12,TRUE,\xc29bd4352c21f5cfb992e18a2ab965b6b858488ccdaf006e566b9c8405b5d71b,\xc20cfff07076858a7e642e396180ec390e5a02f7,419,13042799
2021-08-17 10:50,850,862,12,TRUE,\xb17e4bdd621d4bc90a826fb78c8e17a1acabcb6a9b1438a2a2c160253b5fbafe,\xc20cfff07076858a7e642e396180ec390e5a02f7,238,13042263
2021-08-17 01:24,838,850,12,TRUE,\x67ae440253b3c4e139ab589e31cccaef0f770cc789b8a9ee1a711a79e6844cb9,\xc20cfff07076858a7e642e396180ec390e5a02f7,173,13039776
2021-08-16 20:12,826,838,12,TRUE,\x33b8c81389440b1b9b94f3da77baaddb36c03f1ffa07c13830a7121bf463ebd5,\xc20cfff07076858a7e642e396180ec390e5a02f7,268,13038350
2021-08-16 09:13,814,826,12,TRUE,\x3760ec0f0bd8e6a0ed55b7a52298ba6570c474a68bc11630539d02e501a75463,\xc20cfff07076858a7e642e396180ec390e5a02f7,260,13035385
2021-08-16 06:21,802,814,12,TRUE,\x0d73fc9832b3483c2773907d5587611bfbedd50a47650df2884e50e0ad5b6a9f,\xc20cfff07076858a7e642e396180ec390e5a02f7,123,13034616
2021-08-16 01:39,790,802,12,TRUE,\x2ae5b9840f5554a376c54e7ea987a84574da4d74a11b98f359791f4afc23b8b8,\xc20cfff07076858a7e642e396180ec390e5a02f7,168,13033346
2021-08-15 18:47,778,790,12,TRUE,\xabddd62e8a52fd3fcb3dadbb4407af72020fad3093358d2d791786133e44d8c0,\xc20cfff07076858a7e642e396180ec390e5a02f7,128,13031479
2021-08-15 13:18,766,778,12,TRUE,\xefd8caa0dce0b99c02d0359862918629b1052f14f84d400e850f7e952961dc56,\xc20cfff07076858a7e642e396180ec390e5a02f7,45,13029995
2021-08-15 10:45,754,766,12,TRUE,\xecb28e09d6ee92849c4d85c10a00b9f72de26e4e11dba420cdffccd51e3f6d61,\xc20cfff07076858a7e642e396180ec390e5a02f7,84,13029283
2021-08-15 06:49,742,754,12,TRUE,\x9aef2b22e09fcc3758e9f78c659cbb8a12521aa21edfd83996f0c04a63a08eed,\xc20cfff07076858a7e642e396180ec390e5a02f7,99,13028225
2021-08-15 01:06,730,742,12,TRUE,\x35043cc6addf4a17faaf7a70ab6231b40b95fca8e25cc7e57d0117c6fc612819,\xc20cfff07076858a7e642e396180ec390e5a02f7,166,13026748
2021-08-14 22:46,718,730,12,TRUE,\x0a82adac8e32bb63a78a6dc356b27380cea5a0d4e5459ae64d456b5c8f3f2d14,\xc20cfff07076858a7e642e396180ec390e5a02f7,83,13026101
2021-08-14 12:09,706,718,12,TRUE,\x23b80addf0f3178a2a7913a05b31eeac40822b713a2ead7bc5fa71f917e34068,\xc20cfff07076858a7e642e396180ec390e5a02f7,138,13023205
2021-08-14 01:25,694,706,12,TRUE,\xb7a6533e39688d0b54a828db612f1698e644597ca008552df81fd247eeaeca9f,\xc20cfff07076858a7e642e396180ec390e5a02f7,200,13020357
2021-08-13 15:24,682,694,12,TRUE,\x3d57ba5f79f9f80821e9a4f3a0d08331fff543300e5286dee4edb56cc52eee5f,\xc20cfff07076858a7e642e396180ec390e5a02f7,169,13017622
2021-08-13 06:36,670,682,12,TRUE,\x99f0779d65a24b539a9ad48c2d065b9e9665d519e1fc0bc4056d5c150fb86112,\xc20cfff07076858a7e642e396180ec390e5a02f7,493,13015222
2021-08-13 02:06,658,670,12,TRUE,\x189dea95ba6e2a1fbee8d4eeb0e691ead2f43d8a6629d78bfbd67c5a387d34c7,\xc20cfff07076858a7e642e396180ec390e5a02f7,531,13014009
2021-08-12 23:55,646,658,12,TRUE,\x0ffaf5eafd2b790defd0d8ff2952f5a8dedae3616db2b9e559f53c0a9948bee2,\xc20cfff07076858a7e642e396180ec390e5a02f7,230,13013465
2021-08-12 18:03,634,646,12,TRUE,\x8165eb0900ac46f42e69fe1a6f1e679ebdac9b1cb981e20f3bc6759d7249dc00,\xc20cfff07076858a7e642e396180ec390e5a02f7,317,13011855
2021-08-12 14:36,622,634,12,TRUE,\x5979cd0523fd20ccef8bd29d741ba97ba2c0a291ff467a1b73d6a75ee2d37c17,\xc20cfff07076858a7e642e396180ec390e5a02f7,323,13010937
2021-08-12 10:24,610,622,12,TRUE,\x4508037da0430abb10885ea7983f5e7545008a492a6aed9954a64d712948606a,\xc20cfff07076858a7e642e396180ec390e5a02f7,35,13009784
2021-08-12 04:45,598,610,12,TRUE,\xafabc65f4957f30b30c928883003332d865e657e5a1f41de3497190bd40730c4,\xc20cfff07076858a7e642e396180ec390e5a02f7,138,13008282
2021-08-12 02:48,586,598,12,TRUE,\xa680bed082002c73ae0f64daf18c0ee54d61485448c582ce92a77d2fa4913d11,\xc20cfff07076858a7e642e396180ec390e5a02f7,19,13007730
2021-08-11 23:16,574,586,12,TRUE,\x1ac8d1fede3cf0dc94fb31b7a87f3a1b933d1ed0622060689f520a7ace422259,\xc20cfff07076858a7e642e396180ec390e5a02f7,160,13006773
2021-08-11 13:42,562,574,12,TRUE,\xf68a756b0b1aba28ff1b68396458a5f10005eb5fdf6c127a49e32b4bc3b34a3a,\xc20cfff07076858a7e642e396180ec390e5a02f7,597,13004242
2021-08-10 23:44,550,562,12,TRUE,\xea66460980226492fcb281d0db532686682e10b6a265d4a90284a1e022b27f9b,\xc20cfff07076858a7e642e396180ec390e5a02f7,68,13000502
2021-08-10 21:24,538,550,12,TRUE,\x00fc04402944a87d5922b7f45cb3173acbed3a3526266485895761c42c3026d0,\xc20cfff07076858a7e642e396180ec390e5a02f7,365,12999856
2021-08-10 16:05,526,538,12,TRUE,\x7ef53ff90494973d02b6ed383899c2dd5d033ae3bedb6be142dad8b09302a789,\xc20cfff07076858a7e642e396180ec390e5a02f7,153,12998424
2021-08-10 07:42,514,526,12,TRUE,\xa0607528eae5c8f8cf3b508cf78caca7acdbd09e8a96a1dc1e077b9640dddc51,\xc20cfff07076858a7e642e396180ec390e5a02f7,361,12996116
2021-08-10 04:02,502,514,12,TRUE,\xcc13e2f59656fc3d344dfa9337d2ff8b977dc5969817cb988d51f983a3c21b6f,\xc20cfff07076858a7e642e396180ec390e5a02f7,346,12995133
2021-08-10 03:02,490,502,12,TRUE,\xf9425d21b76c3c0b114582b6acf3732b3b967785bfbb5a2c84751bb2ee24cad9,\xc20cfff07076858a7e642e396180ec390e5a02f7,40,12994847
2021-08-09 19:51,485,490,5,TRUE,\x5ec4ab5655ed72d114a0be1175340c53c54b739a5328a66243d7dcc068648883,\xc20cfff07076858a7e642e396180ec390e5a02f7,43,12992968
2021-08-09 14:57,480,485,5,TRUE,\x1bbfe9aee9ff8cc4eca129989f3c1ab77107f5c3646ea81e7af8d063fdc6d5a1,\xc20cfff07076858a7e642e396180ec390e5a02f7,313,12991610
2021-08-09 11:01,475,480,5,TRUE,\xb960bae149bd0661babf1342fb16b26c5ea08c09bde5acfa282c2ce4ae447439,\xc20cfff07076858a7e642e396180ec390e5a02f7,29,12990509
2021-08-09 07:07,470,475,5,TRUE,\xcd8224888802e976d0b7805e002940c79acce0df657a4a2136151588c915f644,\xc20cfff07076858a7e642e396180ec390e5a02f7,303,12989487
2021-08-09 04:52,465,470,5,TRUE,\xf3f7a13d83ca42dcac2230134e95feae2bdebcb02fd9f6354729732128411253,\xc20cfff07076858a7e642e396180ec390e5a02f7,536,12988871
2021-08-08 22:40,460,465,5,TRUE,\x29a1d1d92297b01034315e78d5496fbd5953420a6587c41213b4d76f41fa3357,\xc20cfff07076858a7e642e396180ec390e5a02f7,64,12987201
2021-08-08 19:59,455,460,5,TRUE,\x1fde54c2044b186d1558b416d4c5d51d5a7bb2f17c2d89dfd22a96b23d15589b,\xc20cfff07076858a7e642e396180ec390e5a02f7,293,12986487
2021-08-08 18:36,450,455,5,TRUE,\x8e0c7c8e99c1734e386c0a8e7f7b9686ea670acdf2ee64d0bdaf9b921325d6a3,\xc20cfff07076858a7e642e396180ec390e5a02f7,241,12986116
2021-08-08 15:51,445,450,5,TRUE,\x377e2761487d1f4228ca38622d95e2f006236b22abb479dbad048e88f6a881ff,\xc20cfff07076858a7e642e396180ec390e5a02f7,562,12985388
2021-08-08 10:28,440,445,5,TRUE,\xe272be5e82ddd9387b287ac83a35b54737b94a84fa2c7ee33e61bc1cf4fb89a5,\xc20cfff07076858a7e642e396180ec390e5a02f7,324,12983887
2021-08-08 08:08,435,440,5,TRUE,\x7194f8bee70989eb377c13192aee63a4b41891e5659f62e83eac9d793e4c3ec7,\xc20cfff07076858a7e642e396180ec390e5a02f7,295,12983192
2021-08-08 02:47,430,435,5,TRUE,\x267007ade1d3ec7ceea76f387422aab897e42c05abc51e4eedd4d8d55301163e,\xc20cfff07076858a7e642e396180ec390e5a02f7,334,12981783
2021-08-07 20:17,425,430,5,TRUE,\xa431b5f2ae5860f4b8962acf7fd88161886be60aefe301805682806488a292d2,\xc20cfff07076858a7e642e396180ec390e5a02f7,308,12980078
2021-08-07 18:37,420,425,5,TRUE,\x5ed4d56985ea40c69250014f9f20a962800ef941b8aa3eec9cbf544b08c6f2ae,\xc20cfff07076858a7e642e396180ec390e5a02f7,96,12979630
2021-08-07 16:54,415,420,5,TRUE,\x3101ab899898d1407147d7d8488c9a4ddd21e5994b1948c68f9e15ece23f33e7,\xc20cfff07076858a7e642e396180ec390e5a02f7,14,12979156
2021-08-07 12:45,410,415,5,TRUE,\x398fdbead5ffb38130738d25ddef912ff8ab37141eeca287ca92e84dfb9c6ef1,\xc20cfff07076858a7e642e396180ec390e5a02f7,164,12977994
2021-08-07 05:23,405,410,5,TRUE,\xc151992fb4754b50cb49140f5dd41256f289d367f0e3489afa81e9de054b951a,\xc20cfff07076858a7e642e396180ec390e5a02f7,30,12975987
2021-08-07 01:13,400,405,5,TRUE,\xc2c73ba09d2174a8b746dafa6920bccab8d3bcb93edac7bca9ef5bfaffd1b572,\xc20cfff07076858a7e642e396180ec390e5a02f7,161,12974871
2021-08-06 22:08,395,400,5,TRUE,\x968bf2821911094d505c44e591a1a94283daaeb0ba68e9ef3a8ccd665d423b7c,\xc20cfff07076858a7e642e396180ec390e5a02f7,320,12974000
2021-08-06 19:14,390,395,5,TRUE,\x425c7974d63685d9494a772b77e778ff566950cb0c052421d7af575b761e2772,\xc20cfff07076858a7e642e396180ec390e5a02f7,157,12973236
2021-08-06 15:25,385,390,5,TRUE,\xfe90389ea57a22b6e16342de84b9bd44b8463da3e5cd8e26f5b07cc93106be1f,\xc20cfff07076858a7e642e396180ec390e5a02f7,185,12972185
2021-08-06 12:20,380,385,5,TRUE,\x8c2a83b5bfa4758d8376dccba528f265565404742f7f8aecc6880cbf93fd60a9,\xc20cfff07076858a7e642e396180ec390e5a02f7,85,12971386
2021-08-06 08:50,375,380,5,TRUE,\x0ac10891185ba1e985f478346fd0ed113c619800ec30efc58315abe040105e82,\xc20cfff07076858a7e642e396180ec390e5a02f7,98,12970442
2021-08-06 04:02,370,375,5,TRUE,\x560655883c07868d32df3f253ce0cb5d94cfbb23c0a9a4eb4b7469cbefd8e5ec,\xc20cfff07076858a7e642e396180ec390e5a02f7,165,12969128
2021-08-06 03:34,365,370,5,TRUE,\x30b4725f2667d975027d467939a5549fd3df08bed68318f83e4a567b064b1446,\xc20cfff07076858a7e642e396180ec390e5a02f7,257,12969022
2021-08-06 01:12,360,365,5,TRUE,\xed3d70319867b06c93613575c451eaab5912f142b21b302c0311da81babc7f33,\xc20cfff07076858a7e642e396180ec390e5a02f7,10,12968394
2021-08-05 21:09,355,360,5,TRUE,\x2d37dd054f69c535e7dcbac0e80f32801751a710007a1c23f6b31be05965146a,\xc20cfff07076858a7e642e396180ec390e5a02f7,24,12967286
2021-08-05 19:36,350,355,5,TRUE,\xa7a5fc8e94bf54aff364db09144f313918d7cd811f44d92b1f007c9c289522ef,\xc20cfff07076858a7e642e396180ec390e5a02f7,401,12966871
2021-08-05 17:58,345,350,5,TRUE,\xac40ef0efa94b1be8262c4018ab6817719dc15dbbd9c47f6d4a914851e539461,\xc20cfff07076858a7e642e396180ec390e5a02f7,433,12966436
2021-08-05 12:06,340,345,5,TRUE,\xd0719e2039d741ebebd4b0bad84c6ccef394f286e2a7ab5a69f4bed09ba1b99f,\xc20cfff07076858a7e642e396180ec390e5a02f7,312,12964866
2021-08-05 10:36,335,340,5,TRUE,\x79f015c3d4e29b1101b4cdbcafd85840463092810c22292d4739587034c6a63b,\xc20cfff07076858a7e642e396180ec390e5a02f7,313,12964493
2021-08-05 07:45,330,335,5,TRUE,\x0df9b2daeb44c684d66a57c067fa58546d09265ec45e5bd03cf8f73dc3696289,\xc20cfff07076858a7e642e396180ec390e5a02f7,172,12963711
2021-08-05 02:20,325,330,5,TRUE,\xe5be096d3b9cc95151a7cd5c5f3e00767e102a20b81e7db4292a46bbf01c9b0f,\xc20cfff07076858a7e642e396180ec390e5a02f7,58,12962326
2021-08-04 13:40,320,325,5,TRUE,\xcd27b0deb05dd63fbc44e4ff40b131779c4cc2d17c5856a7a9ad975f06864e98,\xc20cfff07076858a7e642e396180ec390e5a02f7,323,12958974
2021-08-04 09:19,315,320,5,TRUE,\xed4b207f8654c8b893a8e7016071422c8c8fa73ef9eefb265a3b2dbce500792d,\xc20cfff07076858a7e642e396180ec390e5a02f7,159,12957800
2021-08-03 16:11,310,315,5,TRUE,\x5a58fcc723637a97a52a40e59095e704afb75747ab1682cca09fb9cdcf6eaefe,\xc20cfff07076858a7e642e396180ec390e5a02f7,152,12953283
2021-08-03 13:35,305,310,5,TRUE,\x118350dc12d66ac8ca806a89ca8cc9eb06e44d83d7d39351c24ad5505e7e86ac,\xc20cfff07076858a7e642e396180ec390e5a02f7,94,12952606
2021-08-03 11:34,300,305,5,TRUE,\x42f14fa4016c7b1b1909df1d4dace457a14a4fb5c04dc496fd711a58628431e0,\xc20cfff07076858a7e642e396180ec390e5a02f7,141,12952075
2021-08-03 08:09,295,300,5,TRUE,\xc765d0ea0b99687769f192d6b8c3e9f20467a9bc6f929d08f9a88f0041eebcdb,\xc20cfff07076858a7e642e396180ec390e5a02f7,258,12951160
2021-08-02 18:30,290,295,5,TRUE,\x7f1d92a06f93193a939d62589984fcd6935020ed26ece3079bf81cc7235be48f,\xc20cfff07076858a7e642e396180ec390e5a02f7,66,12947565
2021-08-02 07:45,285,290,5,TRUE,\x8c84ae90e0d30f3534e6df63332dcf3a09978fc4a10c6c2a3f9291aeb373a1dd,\xc20cfff07076858a7e642e396180ec390e5a02f7,76,12944731
2021-08-02 04:06,280,285,5,TRUE,\xa3f44a5b5453a9d0b59d5872c019618c6cbdb22f7441b3503fc3df048ed38b34,\xc20cfff07076858a7e642e396180ec390e5a02f7,282,12943771
2021-08-01 13:33,275,280,5,TRUE,\x059220c1e8237bcef23fdf569edb37a97c2b9d31659226e46ddabc43297da944,\xc20cfff07076858a7e642e396180ec390e5a02f7,112,12939921
2021-08-01 07:34,270,275,5,TRUE,\xa18536a6f2af54fecd1dedb292d3cfcaeab604b8d5c3af523519c96d726fe693,\xc20cfff07076858a7e642e396180ec390e5a02f7,205,12938315
2021-08-01 07:08,265,270,5,TRUE,\xa7ccdab1d32c0878f740f711bd2fec204451d6dcc900c6494dd63ba0461f179c,\xc20cfff07076858a7e642e396180ec390e5a02f7,180,12938202
2021-08-01 03:42,260,265,5,TRUE,\xb08f069b75373162b1c2d51ac3f9cd7d1311d500df8e6a2d33888d019c7c42dd,\xc20cfff07076858a7e642e396180ec390e5a02f7,203,12937334
2021-08-01 01:40,255,260,5,TRUE,\x85530f123748e2208e9ba4a390d446f6b9e2ea14fcecd2914d24e28840f7e327,\xc20cfff07076858a7e642e396180ec390e5a02f7,71,12936786
2021-07-31 14:04,250,255,5,TRUE,\x18d4ef4c65379167f0b8366deee85906817e41758c0770795928ac28a02ef69a,\xc20cfff07076858a7e642e396180ec390e5a02f7,349,12933747
2021-07-31 10:34,245,250,5,TRUE,\xf69f56951e3b3e87b33b6b1e9a846c31afc5c73dbd0689d5ed790c511704bfdc,\xc20cfff07076858a7e642e396180ec390e5a02f7,197,12932818
2021-07-30 12:42,240,245,5,TRUE,\x665937e93abd80994c67a2b3628eea74d33b82196da17249c15c17565d0f42fc,\xc20cfff07076858a7e642e396180ec390e5a02f7,42,12927022
2021-07-30 00:44,235,240,5,TRUE,\x80d0994c88e0bc9d73f687ca6829ba15b585b224a4e12d9c6dbd2f7412553838,\xc20cfff07076858a7e642e396180ec390e5a02f7,138,12923947
2021-07-29 08:50,230,235,5,TRUE,\xda9af7d3fdefbaa0f06d5d4cadd14dcff2060de73bf518186abd0d9efb7668d7,\xc20cfff07076858a7e642e396180ec390e5a02f7,80,12919742
2021-07-29 05:59,225,230,5,TRUE,\x636859ff54320d429ae5c6f9b71b541f81f4fe10c28510f4e6e2f6de6e9ec325,\xc20cfff07076858a7e642e396180ec390e5a02f7,268,12919019
2021-07-17 18:46,222,225,0,TRUE,\xa1ea85b0636c9c7bb2dec51bb623542a8f6d95904d3389559d4090e485c894e2,\xc20cfff07076858a7e642e396180ec390e5a02f7,37,12845926
2021-07-17 10:01,219,222,3,TRUE,\xdaad8fd236167646b93746de1d9818096ed6a93d1e3fa643137ed19c4304e2ea,\xc20cfff07076858a7e642e396180ec390e5a02f7,96,12843614
2021-07-17 01:22,216,219,3,TRUE,\xadf94b369116e12a4ddfac09d832282fc8dcd1994bcaa7ea7e613941f666a29b,\xc20cfff07076858a7e642e396180ec390e5a02f7,115,12841354
2021-07-16 19:26,213,216,3,TRUE,\x4928c31c434f6d93faabd81fdf2cfe2b7739eaf602c62fd0a3bd171507971040,\xc20cfff07076858a7e642e396180ec390e5a02f7,101,12839753
2021-07-16 08:58,210,213,3,TRUE,\xc9b8224eebb8ae5505f58b6f70cd6ce8ec7fba36373b99a947d03c1991f0b0e9,\xc20cfff07076858a7e642e396180ec390e5a02f7,48,12836962
2021-07-16 06:17,207,210,3,TRUE,\xab6355bf59f6fb9f25672cb463dc1e3e330da854256b190deffb765c70df7534,\xc20cfff07076858a7e642e396180ec390e5a02f7,168,12836270
2021-07-15 19:39,204,207,3,TRUE,\xbd76ff3fbd8e1a3c4c0550e0bb5e238911bc3c6c25f3773057b81df2e7e1be81,\xc20cfff07076858a7e642e396180ec390e5a02f7,36,12833461
2021-07-15 15:12,201,204,3,TRUE,\xa622c1f9bfd0dcbaa8effd64afcc4396e1194f9159b94f7245ba6c1c4d2e810c,\xc20cfff07076858a7e642e396180ec390e5a02f7,249,12832251
2021-07-15 07:02,198,201,3,TRUE,\x36622173366aa657c3524ea080d515d5e7da103ed1f451732e80b4b3ed96227c,\xc20cfff07076858a7e642e396180ec390e5a02f7,136,12830076
2021-07-15 00:01,195,198,3,TRUE,\x7753f33c3d807c1169e19b7d7a49cd6de0921804ff78774120f2848a31ea42a8,\xc20cfff07076858a7e642e396180ec390e5a02f7,59,12828213
2021-07-06 02:01,198,195,0,FALSE,\xe8bd19f20561916829beec360b4b9cb6f04f06b96debda2afee77649dead643e,\xc20cfff07076858a7e642e396180ec390e5a02f7,275,12771113
2021-07-05 22:41,201,198,3,FALSE,\xa792365f290966f5c249f391472b9c1270a2b4304de24a37209d30a7b61afc15,\xc20cfff07076858a7e642e396180ec390e5a02f7,106,12770234
2021-07-05 12:54,204,201,3,FALSE,\x79cd745dd9cb975fcd3b63b201b5f7f7ef29a5d94aaf6ee293960430f54a9d19,\xc20cfff07076858a7e642e396180ec390e5a02f7,182,12767600
2021-07-05 01:41,207,204,3,FALSE,\xc63de32bc85ba9310b16b992f0a83ffa58d9cd774a305c3b06c69a7e35f07f52,\xc20cfff07076858a7e642e396180ec390e5a02f7,18,12764588
2021-07-04 23:39,210,207,3,FALSE,\x87354b54789e6461b033961d7d01911a95c1d1d0b9a13b12beb3b73778ef2840,\xc20cfff07076858a7e642e396180ec390e5a02f7,323,12764062
2021-07-04 19:21,213,210,3,FALSE,\xc2f835181edae4e1545e6cdc080184409e9cd2c49d0115b6fbf8b027199e1efe,\xc20cfff07076858a7e642e396180ec390e5a02f7,107,12762877
2021-07-02 01:05,217,213,0,FALSE,\x09d6801f32b9c87569b646d7fa1d9a5acf7d4ae18230e1f0a9c1da3ce2c22c6a,\xc20cfff07076858a7e642e396180ec390e5a02f7,373,12745158
2021-07-02 00:29,221,217,4,FALSE,\x5261adccdc5ab3312570e67ebede41ef2da9fcd7f37fcd2eab1a4a21d11a869c,\xc20cfff07076858a7e642e396180ec390e5a02f7,70,12744979
2021-07-01 19:44,225,221,4,FALSE,\xb31f63fc9ece9b20b7b1600812f644f485662eeff2b0f0c8ada8a62480eb0087,\xc20cfff07076858a7e642e396180ec390e5a02f7,252,12743686
2021-07-01 18:08,229,225,4,FALSE,\x52f407fddf9a6454aa1a54b64a2219817643eb9c5b3dd75f95d66a9d02b164fd,\xc20cfff07076858a7e642e396180ec390e5a02f7,178,12743306
2021-07-01 12:14,233,229,4,FALSE,\x7adc7371c036cff1d01b013537ac490814f8e93522f9a1a2d489cfa1b8314fde,\xc20cfff07076858a7e642e396180ec390e5a02f7,180,12741713
2021-07-01 11:44,237,233,4,FALSE,\x92dd1673a5c945eac8661be8ef0754526fbe727b523ad2dcb5cd254a9c47338d,\xc20cfff07076858a7e642e396180ec390e5a02f7,27,12741565
2021-07-01 00:46,241,237,4,FALSE,\xc4d7de72b3ee0028ca071b67937765bc92550beabfeb28ec3e86300071fb3a61,\xc20cfff07076858a7e642e396180ec390e5a02f7,336,12738706
2021-07-01 00:08,245,241,4,FALSE,\xcbfa0cd1a59f7c028c9a25c4141bac3bd0c3b6aa21515aeedcd63039d262a914,\xc20cfff07076858a7e642e396180ec390e5a02f7,325,12738547
2021-06-30 23:31,249,245,4,FALSE,\x3000219d7d99602108a3d59547c18cd131af86b8db0798b7c609534485a591f4,\xc20cfff07076858a7e642e396180ec390e5a02f7,343,12738380
2021-06-30 22:24,253,249,4,FALSE,\x2627861966f4eb92689f04dd969203302308265f577d52df16960143a8f8f82c,\xc20cfff07076858a7e642e396180ec390e5a02f7,157,12738071
2021-06-30 18:43,255,253,2,FALSE,\xe1ce7cb066d12f121dfdee736349476a4385ee67cc3265fd0cd11d496d3f3189,\xc20cfff07076858a7e642e396180ec390e5a02f7,302,12737058
2021-06-30 17:42,257,255,2,FALSE,\x62b31ee15ddf13ff2d9c348bba28651ba35839e37237359b023c084adc486f09,\xc20cfff07076858a7e642e396180ec390e5a02f7,147,12736772
2021-06-30 15:07,259,257,2,FALSE,\xa9f4888245f472e5455851d4c2f5047e538f5a8c5998b6cd8780e896aab3a167,\xc20cfff07076858a7e642e396180ec390e5a02f7,289,12736083
2021-06-30 07:41,261,259,2,FALSE,\x2618c6f303999e11bac6a3e060bf4bda7830bd88b933f4434ebbd98358cb1547,\xc20cfff07076858a7e642e396180ec390e5a02f7,110,12734055
2021-06-30 02:26,263,261,2,FALSE,\x6c3d85f10a41a0527e4ddc442e635c6b16db876b7e0c2e0608468f48b07f8caa,\xc20cfff07076858a7e642e396180ec390e5a02f7,243,12732675
2021-06-30 01:40,265,263,2,FALSE,\xf35cec1d53a0bac920ed4fc1fda2c2147e439334d9e2ae6f61ecef0941fa0574,\xc20cfff07076858a7e642e396180ec390e5a02f7,270,12732484
2021-06-22 08:19,269,265,0,FALSE,\x3e34746bc01867b6252f2c6871ee710c96019354639bd9426dda80dce331e6ba,\xc20cfff07076858a7e642e396180ec390e5a02f7,222,12682929
2021-06-22 07:51,273,269,4,FALSE,\xe75431fd7377bea1cb2b62aeedc0a753a9213d0da84e909e13e4abb0ed289893,\xc20cfff07076858a7e642e396180ec390e5a02f7,302,12682804
2021-06-22 04:57,277,273,4,FALSE,\xb615a486fc082913d25fa137d72279ffe30016bacc090e0c8d1488b5bdfa68ed,\xc20cfff07076858a7e642e396180ec390e5a02f7,332,12682001
2021-06-22 02:07,281,277,4,FALSE,\x9645e3dc7f2834ae18fab62633b5f6906126824abfbf0927d1aafa6411c584a6,\xc20cfff07076858a7e642e396180ec390e5a02f7,125,12681260
2021-06-21 04:05,285,281,4,FALSE,\x1eabc3f32c2f1f040a45ccd3d76de4d75129ed6876eccd9b0f1bed41bd030756,\xc20cfff07076858a7e642e396180ec390e5a02f7,98,12675440